step,current_x,current_y,move_x,move_y,degree,Q,P,N,PUCT,is_best
1,5,5,6,7,7,-1.0,0.07168,71,-0.9685,0
1,5,5,4,7,5,-1.0,0.04407,44,-0.96902,0
1,5,5,3,6,5,-1.0,0.17552,175,-0.96845,0
1,5,5,3,4,4,-1.0,0.33411,335,-0.96854,1
1,5,5,4,3,6,-1.0,0.18862,189,-0.96859,0
1,5,5,6,3,6,-1.0,0.186,186,-0.96853,0
2,3,4,4,6,5,-1.0,0.38973,390,-0.96846,1
2,3,4,2,6,4,-1.0,0.3258,326,-0.96848,0
2,3,4,1,3,4,-1.0,0.16757,167,-0.96844,0
2,3,4,2,2,6,-1.0,0.11689,117,-0.96866,0
3,4,6,6,7,6,-1.0,0.02537,25,-0.96913,0
3,4,6,2,7,4,-1.0,0.05134,51,-0.96876,0
3,4,6,2,5,6,-1.0,0.07701,77,-0.96876,0
3,4,6,5,4,5,-1.0,0.38938,390,-0.96849,0
3,4,6,6,5,6,-1.0,0.4569,457,-0.96844,1
4,6,5,8,6,3,-1.0,0.12145,121,-0.9685,0
4,6,5,7,7,5,-1.0,0.12444,124,-0.9685,0
4,6,5,5,7,5,-1.0,0.16802,168,-0.96854,0
4,6,5,4,4,6,-1.0,0.32819,329,-0.96853,1
4,6,5,7,3,5,-1.0,0.13868,139,-0.96866,0
4,6,5,8,4,3,-1.0,0.11922,119,-0.96857,0
5,4,4,5,6,6,-1.0,0.15439,154,-0.96848,0
5,4,4,3,6,4,-1.0,0.23913,240,-0.96861,1
5,4,4,2,5,5,-1.0,0.08811,88,-0.96868,0
5,4,4,2,3,4,-1.0,0.20316,203,-0.96849,0
5,4,4,5,2,6,-1.0,0.12938,129,-0.96851,0
5,4,4,6,3,5,-1.0,0.18583,186,-0.96856,0
6,3,6,5,7,4,-1.0,0.36501,365,-0.96845,1
6,3,6,4,8,5,-1.0,0.19029,190,-0.96848,0
6,3,6,2,8,3,-1.0,0.30836,309,-0.96853,0
6,3,6,2,4,6,-1.0,0.13634,136,-0.96851,0
7,5,7,7,8,5,-1.0,0.05599,56,-0.96892,0
7,5,7,6,9,3,-1.0,0.27426,274,-0.96845,0
7,5,7,4,9,3,-1.0,0.20692,207,-0.96853,0
7,5,7,4,5,6,-1.0,0.46284,463,-0.96844,1
8,4,5,6,6,5,-1.0,0.0997,100,-0.96877,0
8,4,5,3,7,6,-1.0,0.03719,37,-0.96904,0
8,4,5,2,6,3,-1.0,0.12052,120,-0.96849,0
8,4,5,2,4,5,-1.0,0.12789,128,-0.96863,0
8,4,5,3,3,6,-1.0,0.36186,362,-0.96846,1
8,4,5,6,4,5,-1.0,0.25285,253,-0.96851,0
9,3,3,5,4,4,-1.0,0.23389,234,-0.96851,0
9,3,3,2,5,4,-1.0,0.14396,144,-0.96859,0
9,3,3,1,2,3,-1.0,0.09225,92,-0.96862,0
9,3,3,2,1,3,-1.0,0.07859,78,-0.96852,0
9,3,3,4,1,2,-1.0,0.1914,192,-0.96862,0
9,3,3,5,2,5,-1.0,0.25991,260,-0.96849,1
10,5,2,7,3,4,-1.0,0.15257,152,-0.96845,0
10,5,2,6,4,4,-1.0,0.22668,227,-0.96854,0
10,5,2,3,1,4,-1.0,0.09336,93,-0.96858,0
10,5,2,4,0,2,-1.0,0.41311,414,-0.96851,1
10,5,2,7,1,2,-1.0,0.11429,114,-0.96856,0
11,4,0,6,1,2,-1.0,0.69361,694,-0.96842,1
11,4,0,2,1,2,-1.0,0.30639,306,-0.96842,0
12,6,1,8,2,2,-1.0,0.50599,506,-0.96842,1
12,6,1,7,3,3,-1.0,0.49401,494,-0.96842,0
13,8,2,6,3,4,-1.0,0.1104,110,-0.96853,0
13,8,2,9,0,1,-1.0,0.8896,890,-0.96841,1
14,9,0,7,1,1,-1.0,1.0,1000,-0.96839,1
15,7,1,6,3,3,-1.0,1.0,1000,-0.96839,1
16,6,3,8,4,2,-1.0,0.3005,300,-0.96841,0
16,6,3,7,5,5,-1.0,0.41394,414,-0.96844,1
16,6,3,5,1,3,-1.0,0.28557,286,-0.96852,0
17,7,5,9,6,3,-1.0,0.09797,98,-0.96869,0
17,7,5,8,7,5,-1.0,0.02528,25,-0.96924,0
17,7,5,6,7,5,-1.0,0.06139,61,-0.96867,0
17,7,5,5,6,5,-1.0,0.47583,476,-0.96844,1
17,7,5,5,4,3,-1.0,0.33953,340,-0.9685,0
18,5,6,7,7,4,-1.0,0.04684,46,-0.96847,0
18,5,6,6,8,3,-1.0,0.12335,123,-0.96853,0
18,5,6,4,8,4,-1.0,0.16952,170,-0.96864,0
18,5,6,3,7,5,-1.0,0.28485,285,-0.96849,0
18,5,6,6,4,3,-1.0,0.37544,376,-0.96849,1
19,6,4,8,5,5,-1.0,0.0873,87,-0.96861,0
19,6,4,4,3,5,-1.0,0.83204,833,-0.96844,1
19,6,4,7,2,3,-1.0,0.08066,80,-0.96849,0
20,4,3,2,4,4,-1.0,0.11624,116,-0.96857,0
20,4,3,2,2,5,-1.0,0.17823,178,-0.9685,0
20,4,3,3,1,3,-1.0,0.21698,217,-0.96851,0
20,4,3,5,1,2,-1.0,0.22065,221,-0.96855,0
20,4,3,6,2,3,-1.0,0.26789,268,-0.96849,1
21,6,2,5,4,2,-1.0,0.26032,260,-0.96844,0
21,6,2,4,1,1,-1.0,0.56763,568,-0.96844,1
21,6,2,8,1,2,-1.0,0.17206,172,-0.96853,0
22,4,1,2,2,4,-1.0,1.0,1000,-0.96839,1
23,2,2,0,3,2,-1.0,0.13124,131,-0.96854,0
23,2,2,0,1,1,-1.0,0.55067,551,-0.96844,1
23,2,2,1,0,2,-1.0,0.217,217,-0.96851,0
23,2,2,3,0,2,-1.0,0.10109,101,-0.96864,0
24,0,1,1,3,3,-1.0,1.0,1000,-0.96839,1
25,1,3,2,5,3,-1.0,0.18207,182,-0.96852,0
25,1,3,0,5,2,-1.0,0.76352,764,-0.96842,1
25,1,3,2,1,1,-1.0,0.05441,54,-0.9687,0
26,0,5,2,6,2,-1.0,0.4983,498,-0.96841,0
26,0,5,2,4,3,-1.0,0.5017,502,-0.96844,1
27,2,4,1,6,4,-1.0,0.21799,218,-0.96851,0
27,2,4,0,3,1,-1.0,0.68532,686,-0.96844,1
27,2,4,1,2,2,-1.0,0.09668,96,-0.96846,0
28,0,3,1,1,2,-1.0,1.0,1000,-0.96839,1
29,1,1,2,3,3,-1.0,0.17262,172,-0.96843,0
29,1,1,3,0,1,-1.0,0.82738,828,-0.96842,1
30,3,0,5,1,1,-1.0,1.0,1000,-0.96839,1
31,5,1,7,2,2,-1.0,1.0,1000,-0.96839,1
32,7,2,9,3,2,-1.0,0.1521,152,-0.96855,0
32,7,2,8,4,1,-1.0,0.8479,848,-0.9684,1
33,8,4,9,6,2,-1.0,1.0,1000,-0.96839,1
34,9,6,8,8,2,-1.0,0.74121,741,-0.9684,1
34,9,6,7,7,3,-1.0,0.25879,259,-0.96851,0
35,8,8,6,9,2,-1.0,0.7648,765,-0.96841,1
35,8,8,6,7,4,-1.0,0.2352,235,-0.96847,0
36,6,9,4,8,3,-1.0,0.73402,734,-0.9684,1
36,6,9,7,7,2,-1.0,0.26598,266,-0.96848,0
37,4,8,2,9,2,-1.0,0.56599,566,-0.96842,1
37,4,8,2,7,3,-1.0,0.23535,235,-0.96845,0
37,4,8,6,7,3,-1.0,0.19866,199,-0.96857,0
38,2,9,0,8,2,-1.0,0.92031,921,-0.96842,1
38,2,9,3,7,4,-1.0,0.07969,79,-0.96848,0
39,0,8,1,6,3,-1.0,0.6523,652,-0.9684,1
39,0,8,2,7,2,-1.0,0.3477,348,-0.96848,0
40,1,6,3,7,3,-1.0,0.1293,129,-0.96853,0
40,1,6,2,8,2,-1.0,0.33856,339,-0.9685,0
40,1,6,0,4,3,-1.0,0.53215,532,-0.96841,1
41,0,4,2,5,2,-1.0,0.39424,394,-0.96842,1
41,0,4,1,2,1,-1.0,0.21573,216,-0.96855,0
41,0,4,2,3,2,-1.0,0.39003,390,-0.96844,0
42,2,5,3,7,2,-1.0,0.38373,384,-0.96847,0
42,2,5,0,6,2,-1.0,0.61627,616,-0.9684,1
43,0,6,2,7,1,-1.0,0.07781,77,-0.96844,0
43,0,6,1,8,2,-1.0,0.92219,923,-0.96842,1
44,1,8,2,6,1,-1.0,0.32369,324,-0.96849,0
44,1,8,3,7,1,-1.0,0.67631,676,-0.96839,1
45,3,7,4,9,2,-1.0,1.0,1000,-0.96839,1
46,4,9,2,8,1,-1.0,0.6125,613,-0.96844,1
46,4,9,6,8,2,-1.0,0.3875,387,-0.9684,0
47,2,8,4,7,4,-1.0,1.0,1000,-0.96839,1
48,4,7,6,8,1,-1.0,0.34123,341,-0.96843,0
48,4,7,5,9,2,-1.0,0.3842,385,-0.96851,1
48,4,7,2,6,0,-1.0,0.07113,71,-0.96874,0
48,4,7,6,6,4,-1.0,0.20344,203,-0.96845,0
49,5,9,6,7,2,-1.0,0.42106,421,-0.96843,0
49,5,9,7,8,4,-1.0,0.57894,579,-0.96842,1
50,7,8,9,9,1,-1.0,0.37148,372,-0.96849,0
50,7,8,6,6,3,-1.0,0.10077,100,-0.96843,0
50,7,8,8,6,2,-1.0,0.04677,46,-0.96852,0
50,7,8,9,7,1,-1.0,0.48098,482,-0.96849,1
51,9,7,8,5,4,-1.0,1.0,1000,-0.96839,1
52,8,5,7,7,1,-1.0,0.33592,336,-0.96846,0
52,8,5,6,6,2,-1.0,0.34424,345,-0.96852,1
52,8,5,7,3,2,-1.0,0.21145,211,-0.96844,0
52,8,5,9,3,1,-1.0,0.10839,108,-0.96854,0
53,6,6,8,7,4,-1.0,0.18399,184,-0.96853,0
53,6,6,5,4,1,-1.0,0.81601,816,-0.9684,1
54,5,4,7,3,1,-1.0,1.0,1000,-0.96839,1
55,7,3,8,1,1,-1.0,1.0,1000,-0.96839,1
1,1,1,2,3,5,-1.0,0.20571,205,-0.96841,0
1,1,1,0,3,3,-1.0,0.79429,795,-0.96843,1
2,0,3,2,4,4,-1.0,0.24511,245,-0.96848,0
2,0,3,1,5,4,-1.0,0.58541,586,-0.96845,1
2,0,3,2,2,5,-1.0,0.16948,169,-0.96846,0
3,1,5,3,6,7,-1.0,0.28467,285,-0.96851,0
3,1,5,2,7,6,-1.0,0.04809,48,-0.96895,0
3,1,5,2,3,4,-1.0,0.29559,295,-0.9684,0
3,1,5,3,4,6,-1.0,0.37164,372,-0.96848,1
4,3,4,5,5,3,-1.0,0.29214,292,-0.96845,1
4,3,4,4,6,6,-1.0,0.14658,146,-0.96845,0
4,3,4,2,6,3,-1.0,0.15076,151,-0.96862,0
4,3,4,2,2,4,-1.0,0.07382,74,-0.96886,0
4,3,4,4,2,5,-1.0,0.17173,172,-0.96859,0
4,3,4,5,3,4,-1.0,0.16497,165,-0.96856,0
5,5,5,6,7,5,-1.0,0.18368,183,-0.96842,0
5,5,5,3,6,6,-1.0,0.4559,456,-0.96844,1
5,5,5,7,4,6,-1.0,0.36042,361,-0.9685,0
6,3,6,5,7,3,-1.0,0.25818,258,-0.96846,1
6,3,6,4,8,4,-1.0,0.119,119,-0.96863,0
6,3,6,2,8,2,-1.0,0.25049,250,-0.96843,0
6,3,6,1,7,4,-1.0,0.02198,22,-0.96976,0
6,3,6,2,4,3,-1.0,0.13175,132,-0.96866,0
6,3,6,4,4,4,-1.0,0.2186,219,-0.96856,0
7,5,7,7,8,4,-1.0,0.07199,72,-0.9688,0
7,5,7,6,9,3,-1.0,0.39894,399,-0.96845,0
7,5,7,6,5,6,-1.0,0.52907,529,-0.96842,1
8,6,5,8,6,4,-1.0,0.0239,23,-0.96849,0
8,6,5,7,7,4,-1.0,0.10506,105,-0.96864,0
8,6,5,4,6,5,-1.0,0.10826,108,-0.96858,0
8,6,5,4,4,3,-1.0,0.20485,205,-0.96854,0
8,6,5,5,3,3,-1.0,0.21768,218,-0.96855,0
8,6,5,8,4,0,-1.0,0.34024,341,-0.96852,1
1,1,1,3,2,5,-1.0,0.12111,121,-0.96859,0
1,1,1,2,3,3,-1.0,0.28221,282,-0.96845,0
1,1,1,0,3,2,-1.0,0.41854,419,-0.96847,1
1,1,1,3,0,3,-1.0,0.17815,178,-0.96851,0
2,0,3,2,4,7,-1.0,0.74102,741,-0.9684,1
2,0,3,2,2,4,-1.0,0.25898,259,-0.96849,0
3,2,4,4,5,6,-1.0,0.10135,101,-0.96856,0
3,2,4,3,6,5,-1.0,0.13623,136,-0.96854,0
3,2,4,1,6,3,-1.0,0.14904,149,-0.96856,0
3,2,4,0,5,2,-1.0,0.16699,167,-0.96855,0
3,2,4,1,2,2,-1.0,0.09661,97,-0.96881,0
3,2,4,3,2,4,-1.0,0.09355,93,-0.96851,0
3,2,4,4,3,6,-1.0,0.25623,257,-0.96858,1
4,4,3,6,4,5,-1.0,0.15844,158,-0.96847,0
4,4,3,5,5,6,-1.0,0.17578,176,-0.96858,0
4,4,3,3,5,4,-1.0,0.19767,198,-0.96857,0
4,4,3,2,2,3,-1.0,0.07827,78,-0.96865,0
4,4,3,5,1,4,-1.0,0.14258,143,-0.96867,0
4,4,3,6,2,4,-1.0,0.24725,247,-0.96846,1
5,6,2,8,3,4,-1.0,0.02125,21,-0.96944,0
5,6,2,7,4,6,-1.0,0.17433,174,-0.96848,0
5,6,2,7,0,1,-1.0,0.49033,491,-0.96847,1
5,6,2,8,1,3,-1.0,0.31409,314,-0.96845,0
6,7,0,5,1,3,-1.0,1.0,1000,-0.96839,1
7,5,1,7,2,6,-1.0,0.05072,50,-0.96853,0
7,5,1,3,2,3,-1.0,0.35738,358,-0.9685,0
7,5,1,3,0,2,-1.0,0.59189,592,-0.96842,1
8,3,0,4,2,4,-1.0,0.71698,717,-0.96841,1
8,3,0,2,2,2,-1.0,0.28302,283,-0.96847,0
9,4,2,3,4,4,-1.0,0.2213,221,-0.96846,0
9,4,2,2,3,2,-1.0,0.21531,215,-0.96846,0
9,4,2,2,1,3,-1.0,0.18141,181,-0.96846,0
9,4,2,6,1,4,-1.0,0.38198,383,-0.96853,1
10,6,1,7,3,3,-1.0,0.14679,146,-0.96841,0
10,6,1,5,3,5,-1.0,0.19782,198,-0.96855,0
10,6,1,4,0,3,-1.0,0.19188,192,-0.96855,0
10,6,1,8,0,2,-1.0,0.46352,464,-0.96846,1
11,8,0,9,2,3,-1.0,0.74107,741,-0.9684,1
11,8,0,7,2,5,-1.0,0.25893,259,-0.96849,0
12,9,2,8,4,3,-1.0,0.3248,325,-0.96848,0
12,9,2,7,3,2,-1.0,0.24821,248,-0.96846,0
12,9,2,7,1,2,-1.0,0.42699,427,-0.96844,1
13,7,1,8,3,3,-1.0,0.65822,658,-0.9684,1
13,7,1,5,2,6,-1.0,0.34178,342,-0.96847,0
14,8,3,9,5,2,-1.0,0.58283,583,-0.96842,1
14,8,3,7,5,2,-1.0,0.25299,253,-0.96849,0
14,8,3,6,4,4,-1.0,0.16417,164,-0.96852,0
15,9,5,7,6,6,-1.0,0.35557,355,-0.9684,0
15,9,5,7,4,5,-1.0,0.64443,645,-0.96844,1
16,7,4,8,6,2,-1.0,0.24162,242,-0.96854,1
16,7,4,6,6,3,-1.0,0.16197,162,-0.96856,0
16,7,4,5,5,5,-1.0,0.22036,220,-0.96845,0
16,7,4,5,3,4,-1.0,0.15304,153,-0.96856,0
16,7,4,9,3,2,-1.0,0.22301,223,-0.9685,0
17,8,6,9,8,2,-1.0,0.84447,845,-0.96842,1
17,8,6,6,7,6,-1.0,0.15553,155,-0.96846,0
18,9,8,7,9,2,-1.0,0.81928,820,-0.96843,1
18,9,8,7,7,4,-1.0,0.18072,180,-0.96841,0
19,7,9,5,8,4,-1.0,0.63945,640,-0.96844,1
19,7,9,6,7,5,-1.0,0.36055,360,-0.9684,0
20,5,8,3,9,3,-1.0,0.50127,502,-0.96847,1
20,5,8,3,7,6,-1.0,0.20805,208,-0.96851,0
20,5,8,6,6,2,-1.0,0.20862,208,-0.96842,0
20,5,8,7,7,3,-1.0,0.08207,82,-0.96872,0
21,3,9,1,8,3,-1.0,0.66605,667,-0.96845,1
21,3,9,2,7,3,-1.0,0.2185,218,-0.96843,0
21,3,9,4,7,7,-1.0,0.11545,115,-0.96851,0
22,1,8,0,6,2,-1.0,0.5115,512,-0.96845,1
22,1,8,2,6,6,-1.0,0.11123,111,-0.96858,0
22,1,8,3,7,5,-1.0,0.37727,377,-0.96842,0
23,0,6,2,7,2,-1.0,0.4062,406,-0.96842,0
23,0,6,2,5,4,-1.0,0.5938,594,-0.96843,1
24,2,5,3,7,4,-1.0,0.20446,204,-0.96844,0
24,2,5,1,7,5,-1.0,0.13201,132,-0.9686,0
24,2,5,3,3,4,-1.0,0.32379,324,-0.96848,0
24,2,5,4,4,4,-1.0,0.33973,340,-0.96848,1
25,4,4,3,6,4,-1.0,0.43367,434,-0.96846,1
25,4,4,2,3,1,-1.0,0.36218,363,-0.96852,0
25,4,4,3,2,2,-1.0,0.11861,118,-0.96847,0
25,4,4,5,2,5,-1.0,0.08554,85,-0.96853,0
26,3,6,4,8,4,-1.0,0.15769,157,-0.96842,0
26,3,6,2,8,5,-1.0,0.05712,57,-0.96884,0
26,3,6,1,7,4,-1.0,0.15673,157,-0.96862,0
26,3,6,5,5,4,-1.0,0.62846,629,-0.96844,1
27,5,5,7,6,5,-1.0,0.07619,76,-0.96869,0
27,5,5,6,7,4,-1.0,0.18171,182,-0.96858,0
27,5,5,4,7,6,-1.0,0.14153,141,-0.96847,0
27,5,5,3,4,3,-1.0,0.60056,601,-0.96844,1
28,3,4,2,6,5,-1.0,0.20726,207,-0.96847,0
28,3,4,2,2,1,-1.0,0.26672,267,-0.96851,0
28,3,4,5,3,3,-1.0,0.52602,526,-0.96842,1
29,5,3,4,5,5,-1.0,0.3953,395,-0.96842,0
29,5,3,3,2,1,-1.0,0.4992,500,-0.96848,1
29,5,3,7,2,4,-1.0,0.10551,105,-0.96851,0
30,3,2,4,0,2,-1.0,1.0,1000,-0.96839,1
31,4,0,5,2,4,-1.0,0.45634,456,-0.96841,0
31,4,0,2,1,2,-1.0,0.54366,544,-0.96844,1
32,2,1,3,3,3,-1.0,0.11034,110,-0.96855,0
32,2,1,0,0,1,-1.0,0.88966,890,-0.96841,1
33,0,0,1,2,1,-1.0,1.0,1000,-0.96839,1
34,1,2,3,3,2,-1.0,1.0,1000,-0.96839,1
35,3,3,4,5,4,-1.0,0.58773,588,-0.96843,1
35,3,3,5,2,3,-1.0,0.41227,412,-0.96842,0
36,4,5,6,6,1,-1.0,0.35977,360,-0.96847,0
36,4,5,3,7,3,-1.0,0.14798,148,-0.96858,0
36,4,5,2,6,4,-1.0,0.09661,96,-0.96849,0
36,4,5,6,4,3,-1.0,0.39564,396,-0.96847,1
37,6,4,7,6,4,-1.0,0.48178,482,-0.96844,1
37,6,4,5,2,2,-1.0,0.41025,410,-0.96842,0
37,6,4,7,2,3,-1.0,0.10797,108,-0.96866,0
38,7,6,9,7,1,-1.0,0.69638,697,-0.96843,1
38,7,6,8,8,3,-1.0,0.08036,80,-0.96861,0
38,7,6,6,8,3,-1.0,0.11209,112,-0.96862,0
38,7,6,8,4,2,-1.0,0.11117,111,-0.9686,0
39,9,7,8,9,2,-1.0,1.0,1000,-0.96839,1
40,8,9,6,8,2,-1.0,0.73461,735,-0.96842,1
40,8,9,7,7,2,-1.0,0.26539,265,-0.96843,0
41,6,8,4,9,2,-1.0,0.81465,815,-0.96841,1
41,6,8,4,7,5,-1.0,0.18535,185,-0.96847,0
42,4,9,2,8,4,-1.0,0.33218,332,-0.96844,0
42,4,9,3,7,2,-1.0,0.66782,668,-0.96842,1
43,3,7,2,9,2,-1.0,0.56554,566,-0.96844,1
43,3,7,1,6,2,-1.0,0.43446,434,-0.9684,0
44,2,9,1,7,3,-1.0,0.19193,192,-0.96854,0
44,2,9,4,8,3,-1.0,0.80807,808,-0.9684,1
45,4,8,6,9,2,-1.0,0.37508,375,-0.96844,0
45,4,8,2,7,1,-1.0,0.45586,456,-0.96844,1
45,4,8,6,7,3,-1.0,0.16905,169,-0.96854,0
46,2,7,3,5,3,-1.0,1.0,1000,-0.96839,1
47,3,5,4,7,4,-1.0,0.20562,205,-0.96842,0
47,3,5,1,6,1,-1.0,0.36369,364,-0.96847,0
47,3,5,2,3,0,-1.0,0.43069,431,-0.96846,1
1,2,2,4,3,6,-1.0,0.23356,233,-0.96842,0
1,2,2,3,4,5,-1.0,0.25555,256,-0.96854,0
1,2,2,0,3,3,-1.0,0.06505,65,-0.96882,0
1,2,2,0,1,2,-1.0,0.17708,177,-0.96853,0
1,2,2,3,0,2,-1.0,0.26876,269,-0.96851,1
2,3,0,5,1,5,-1.0,0.39732,397,-0.96842,0
2,3,0,1,1,3,-1.0,0.60268,603,-0.96843,1
3,1,1,3,2,7,-1.0,0.20793,208,-0.96852,0
3,1,1,2,3,4,-1.0,0.22562,225,-0.96842,0
3,1,1,0,3,2,-1.0,0.56645,567,-0.96845,1
4,0,3,2,4,6,-1.0,0.53469,535,-0.96844,1
4,0,3,1,5,3,-1.0,0.46531,465,-0.96841,0
5,2,4,4,5,4,-1.0,0.21099,211,-0.96851,0
5,2,4,3,6,5,-1.0,0.07484,75,-0.96884,0
5,2,4,1,6,4,-1.0,0.09154,91,-0.96852,0
5,2,4,1,2,4,-1.0,0.11733,117,-0.96854,0
5,2,4,3,2,6,-1.0,0.19208,192,-0.96851,0
5,2,4,4,3,5,-1.0,0.31321,314,-0.96854,1
6,4,3,5,5,5,-1.0,0.24882,249,-0.96851,0
6,4,3,3,5,4,-1.0,0.16671,166,-0.96842,0
6,4,3,3,1,3,-1.0,0.1609,161,-0.96858,0
6,4,3,5,1,4,-1.0,0.1618,162,-0.96859,0
6,4,3,6,2,6,-1.0,0.26177,262,-0.96851,1
7,6,2,8,3,4,-1.0,0.07023,70,-0.9687,0
7,6,2,7,4,6,-1.0,0.13197,132,-0.96861,0
7,6,2,5,4,4,-1.0,0.11195,112,-0.96866,0
7,6,2,5,0,2,-1.0,0.15967,160,-0.96862,0
7,6,2,7,0,3,-1.0,0.19651,196,-0.96844,0
7,6,2,8,1,2,-1.0,0.32967,330,-0.96849,1
8,8,1,9,3,2,-1.0,0.84505,845,-0.9684,1
8,8,1,7,3,3,-1.0,0.15495,155,-0.96857,0
9,9,3,7,4,5,-1.0,0.60241,603,-0.96844,1
9,9,3,7,2,5,-1.0,0.39759,397,-0.96839,0
10,7,4,9,5,2,-1.0,0.35138,352,-0.96851,1
10,7,4,8,6,5,-1.0,0.10532,105,-0.96856,0
10,7,4,5,5,4,-1.0,0.14019,140,-0.96854,0
10,7,4,5,3,5,-1.0,0.3162,316,-0.96844,0
10,7,4,8,2,4,-1.0,0.08691,87,-0.96875,0
11,9,5,8,7,3,-1.0,0.34305,343,-0.96845,0
11,9,5,8,3,3,-1.0,0.65695,657,-0.96841,1
12,8,3,7,5,7,-1.0,0.19323,193,-0.96849,0
12,8,3,7,1,3,-1.0,0.21736,217,-0.96845,0
12,8,3,9,1,2,-1.0,0.5894,590,-0.96845,1
13,9,1,7,2,4,-1.0,0.12806,128,-0.96859,0
13,9,1,7,0,2,-1.0,0.87194,872,-0.9684,1
14,7,0,8,2,3,-1.0,0.56909,569,-0.96841,1
14,7,0,5,1,3,-1.0,0.43091,431,-0.96844,0
15,8,2,9,4,3,-1.0,0.09098,91,-0.96871,0
15,8,2,6,3,6,-1.0,0.06133,61,-0.9687,0
15,8,2,9,0,1,-1.0,0.84768,848,-0.96841,1
16,9,0,7,1,2,-1.0,1.0,1000,-0.96839,1
17,7,1,6,3,5,-1.0,0.12496,125,-0.96862,0
17,7,1,5,0,1,-1.0,0.87504,875,-0.9684,1
18,5,0,3,1,2,-1.0,1.0,1000,-0.96839,1
19,3,1,2,3,3,-1.0,0.83726,838,-0.96843,1
19,3,1,1,2,3,-1.0,0.16274,162,-0.96841,0
20,2,3,4,4,6,-1.0,0.32608,326,-0.96845,0
20,2,3,3,5,3,-1.0,0.4148,415,-0.96845,1
20,2,3,1,5,2,-1.0,0.25912,259,-0.96847,0
21,3,5,5,6,5,-1.0,0.25975,260,-0.96851,0
21,3,5,1,6,3,-1.0,0.2467,246,-0.9684,0
21,3,5,5,4,3,-1.0,0.49355,494,-0.96845,1
22,5,4,7,5,6,-1.0,0.22786,228,-0.96852,0
22,5,4,3,3,4,-1.0,0.50034,500,-0.9684,1
22,5,4,7,3,2,-1.0,0.2718,272,-0.9685,0
23,3,3,4,5,3,-1.0,0.65502,656,-0.96846,1
23,3,3,2,5,5,-1.0,0.14833,148,-0.9685,0
23,3,3,1,2,2,-1.0,0.07417,74,-0.96871,0
23,3,3,2,1,3,-1.0,0.12248,122,-0.9685,0
24,4,5,3,7,5,-1.0,0.15362,153,-0.96844,0
24,4,5,2,6,2,-1.0,0.46888,469,-0.96844,1
24,4,5,5,3,4,-1.0,0.3775,378,-0.96849,0
25,2,6,3,8,3,-1.0,0.17245,172,-0.96846,0
25,2,6,3,4,4,-1.0,0.82755,828,-0.96842,1
26,3,4,5,5,3,-1.0,0.35933,360,-0.96851,1
26,3,4,1,5,1,-1.0,0.2362,236,-0.96847,0
26,3,4,1,3,4,-1.0,0.12713,127,-0.96858,0
26,3,4,5,3,3,-0.99999,0.27734,277,-0.96843,0
27,5,5,6,7,5,-1.0,0.24308,243,-0.96848,0
27,5,5,3,6,4,-1.0,0.29671,297,-0.9685,0
27,5,5,6,3,4,-1.0,0.46021,460,-0.96842,1
28,6,3,8,4,3,-1.0,0.26536,266,-0.96856,0
28,6,3,7,5,5,-1.0,0.13966,139,-0.96844,0
28,6,3,4,4,5,-0.99999,0.31403,314,-0.96845,1
28,6,3,5,1,2,-1.0,0.28096,281,-0.96848,0
29,4,4,6,5,5,-1.0,0.26599,266,-0.96848,1
29,4,4,5,6,4,-0.99999,0.26429,265,-0.96855,0
29,4,4,3,6,3,-1.0,0.1987,199,-0.96857,0
29,4,4,2,5,4,-1.0,0.13251,132,-0.96848,0
29,4,4,3,2,5,-1.0,0.13851,138,-0.96847,0
30,6,5,8,6,4,-1.0,0.05612,56,-0.96885,0
30,6,5,7,7,6,-1.0,0.09629,96,-0.96859,0
30,6,5,5,3,2,-0.99999,0.33528,336,-0.96851,1
30,6,5,7,3,1,-1.0,0.23219,232,-0.96847,0
30,6,5,8,4,2,-0.99999,0.28012,280,-0.96845,0
31,5,3,3,2,4,-1.0,0.5091,509,-0.96842,1
31,5,3,7,2,3,-0.99997,0.4909,491,-0.9684,0
32,3,2,1,3,3,-1.0,0.14584,146,-0.96861,0
32,3,2,2,0,2,-1.0,0.19821,198,-0.96849,0
32,3,2,4,0,1,-1.0,0.25776,258,-0.96851,0
32,3,2,5,1,1,-1.0,0.39819,398,-0.96842,1
33,5,1,7,2,2,-1.0,1.0,1000,-0.96839,1
34,7,2,8,4,1,-1.0,0.96966,970,-0.9684,1
34,7,2,8,0,0,-1.0,0.03034,30,-0.96904,0
35,8,4,9,6,3,-1.0,1.0,1000,-0.96839,1
36,9,6,8,8,2,-1.0,0.64789,648,-0.96841,1
36,9,6,7,7,5,-1.0,0.144,144,-0.96858,0
36,9,6,7,5,4,-1.0,0.20811,208,-0.96849,0
37,8,8,6,9,1,-1.0,0.82789,828,-0.9684,1
37,8,8,6,7,4,-1.0,0.17211,172,-0.96852,0
38,6,9,7,7,4,-1.0,1.0,1000,-0.96839,1
39,7,7,9,8,2,-1.0,0.15508,155,-0.96855,0
39,7,7,8,9,1,-1.0,0.7216,722,-0.96842,1
39,7,7,5,8,3,-1.0,0.07907,79,-0.96873,0
39,7,7,5,6,3,-1.0,0.04425,44,-0.96889,0
40,8,9,6,8,2,-1.0,1.0,1000,-0.96839,1
41,6,8,5,6,2,-1.0,0.65512,655,-0.9684,1
41,6,8,8,7,2,-1.0,0.34488,345,-0.96846,0
42,5,6,3,7,4,-1.0,0.53274,533,-0.96844,1
42,5,6,7,5,3,-1.0,0.46726,467,-0.96841,0
43,3,7,5,8,2,-1.0,0.14571,146,-0.96864,0
43,3,7,2,9,2,-1.0,0.64843,649,-0.96844,1
43,3,7,1,6,2,-1.0,0.12255,122,-0.96847,0
43,3,7,2,5,3,-1.0,0.08331,83,-0.96862,0
44,2,9,0,8,1,-1.0,0.84169,842,-0.96841,1
44,2,9,1,7,4,-1.0,0.15831,158,-0.9685,0
45,0,8,1,6,1,-1.0,1.0,1000,-0.96839,1
46,1,6,2,8,2,-1.0,1.0,1000,-0.96839,1
47,2,8,0,9,1,-1.0,0.87154,872,-0.96841,1
47,2,8,3,6,2,-1.0,0.12846,128,-0.96849,0
48,0,9,1,7,3,-1.0,1.0,1000,-0.96839,1
49,1,7,3,8,2,-1.0,0.29934,299,-0.96843,0
49,1,7,2,5,2,-1.0,0.17384,174,-0.96857,0
49,1,7,3,6,1,-1.0,0.52682,527,-0.96843,1
1,5,5,7,6,5,-1.0,0.17133,171,-0.96849,0
1,5,5,4,7,5,-1.0,0.1352,135,-0.96855,0
1,5,5,3,6,7,-1.0,0.15175,152,-0.96862,0
1,5,5,4,3,5,-1.0,0.3104,311,-0.96852,1
1,5,5,6,3,7,-1.0,0.23132,231,-0.96845,0
2,4,3,6,4,6,-1.0,0.30449,305,-0.96852,0
2,4,3,3,5,4,-1.0,0.19841,198,-0.96845,0
2,4,3,2,4,6,-1.0,0.0718,72,-0.96888,0
2,4,3,3,1,1,-1.0,0.37157,372,-0.96848,1
2,4,3,5,1,5,-1.0,0.05373,53,-0.96852,0
3,3,1,5,2,5,-1.0,1.0,1000,-0.96839,1
4,5,2,7,3,5,-1.0,0.18863,189,-0.96859,0
4,5,2,6,4,5,-1.0,0.19763,198,-0.96858,0
4,5,2,4,4,6,-1.0,0.40378,404,-0.96846,1
4,5,2,3,3,4,-1.0,0.08239,82,-0.9686,0
4,5,2,7,1,4,-1.0,0.12758,127,-0.96847,0
5,4,4,6,5,6,-1.0,0.27662,277,-0.96852,1
5,4,4,5,6,6,-1.0,0.1776,178,-0.96861,0
5,4,4,3,6,6,-1.0,0.17273,173,-0.96859,0
5,4,4,2,5,7,-1.0,0.03384,33,-0.96851,0
5,4,4,3,2,5,-1.0,0.10482,105,-0.96871,0
5,4,4,6,3,6,-1.0,0.2344,234,-0.96844,0
6,6,5,8,6,3,-1.0,0.03621,36,-0.96903,0
6,6,5,5,7,6,-1.0,0.06997,70,-0.96882,0
6,6,5,4,6,3,-1.0,0.16382,164,-0.96859,0
6,6,5,5,3,5,-1.0,0.19821,198,-0.96849,0
6,6,5,7,3,4,-1.0,0.16133,161,-0.96849,0
6,6,5,8,4,4,-1.0,0.37046,371,-0.96849,1
7,8,4,7,6,4,-1.0,0.19515,195,-0.9685,0
7,8,4,6,3,5,-1.0,0.41037,411,-0.96848,1
7,8,4,7,2,5,-1.0,0.06845,68,-0.96861,0
7,8,4,9,2,2,-1.0,0.32603,326,-0.96845,0
8,6,3,7,5,4,-1.0,0.28259,283,-0.96851,0
8,6,3,4,2,2,-1.0,0.31417,314,-0.96844,1
8,6,3,5,1,4,-1.0,0.20554,206,-0.96858,0
8,6,3,7,1,3,-1.0,0.0644,64,-0.96865,0
8,6,3,8,2,4,-1.0,0.1333,133,-0.96853,0
9,4,2,3,0,2,-1.0,0.54536,545,-0.9684,1
9,4,2,6,1,3,-1.0,0.45464,455,-0.96845,0
10,3,0,5,1,3,-1.0,0.38006,380,-0.96844,0
10,3,0,1,1,2,-1.0,0.61994,620,-0.96841,1
11,1,1,3,2,4,-1.0,0.27239,272,-0.96843,0
11,1,1,0,3,2,-1.0,0.72761,728,-0.96842,1
12,0,3,2,4,5,-1.0,0.3726,372,-0.96839,0
12,0,3,1,5,2,-1.0,0.6274,628,-0.96844,1
13,1,5,3,6,5,-1.0,0.51918,518,-0.96835,1
13,1,5,0,7,2,-0.99979,0.48082,482,-0.96829,0
14,3,6,5,7,5,-1.0,0.27032,271,-0.96856,0
14,3,6,4,8,3,-1.0,0.41794,418,-0.96844,1
14,3,6,2,8,4,-1.0,0.10463,104,-0.96847,0
14,3,6,1,7,5,-1.0,0.05122,51,-0.96884,0
14,3,6,2,4,4,-1.0,0.15588,156,-0.96859,0
15,4,8,6,9,1,-1.0,0.83199,833,-0.96844,1
15,4,8,2,9,3,-1.0,0.07532,75,-0.96865,0
15,4,8,5,6,5,-1.0,0.09269,92,-0.96847,0
16,6,9,5,7,4,-1.0,1.0,1000,-0.96839,1
17,5,7,7,8,3,-1.0,0.31924,319,-0.96844,1
17,5,7,3,8,3,-1.0,0.24109,241,-0.96848,0
17,5,7,4,5,6,-1.0,0.28658,287,-0.96852,0
17,5,7,7,6,3,-1.0,0.1531,153,-0.96855,0
18,7,8,6,6,4,-1.0,0.26584,266,-0.9685,0
18,7,8,8,6,2,-1.0,0.2082,208,-0.96848,0
18,7,8,9,7,2,-1.0,0.52596,526,-0.96842,1
19,9,7,8,9,1,-1.0,0.76632,767,-0.96843,1
19,9,7,7,6,2,-1.0,0.23368,233,-0.9684,0
20,8,9,6,8,4,-1.0,1.0,1000,-0.96839,1
21,6,8,4,7,4,-1.0,0.41179,412,-0.96845,1
21,6,8,5,6,4,-1.0,0.32303,323,-0.96846,0
21,6,8,7,6,1,-1.0,0.16069,161,-0.96862,0
21,6,8,8,7,3,-1.0,0.10449,104,-0.96851,0
22,4,7,3,9,2,-1.0,0.48403,485,-0.96849,1
22,4,7,2,8,3,-1.0,0.09142,91,-0.96856,0
22,4,7,3,5,3,-1.0,0.22939,229,-0.96844,0
22,4,7,6,6,3,-1.0,0.19516,195,-0.9685,0
23,3,9,1,8,2,-1.0,0.82404,824,-0.9684,1
23,3,9,5,8,4,-1.0,0.17596,176,-0.96855,0
24,1,8,0,6,2,-1.0,0.58145,582,-0.96844,1
24,1,8,3,7,6,-1.0,0.41855,418,-0.9684,0
25,0,6,1,4,3,-1.0,0.48183,482,-0.96843,0
25,0,6,2,5,6,-1.0,0.51817,518,-0.96841,1
26,2,5,4,6,2,-1.0,0.1583,158,-0.9685,0
26,2,5,3,7,5,-1.0,0.09823,98,-0.96861,0
26,2,5,1,7,4,-1.0,0.05975,59,-0.9685,0
26,2,5,0,4,1,-1.0,0.36887,370,-0.96854,1
26,2,5,1,3,3,-1.0,0.15587,156,-0.96859,0
26,2,5,3,3,3,-0.99999,0.15899,159,-0.96855,0
27,0,4,1,6,5,-1.0,1.0,1000,-0.96839,1
28,1,6,3,7,4,-1.0,0.04088,41,-0.9692,0
28,1,6,2,8,2,-1.0,0.02524,25,-0.96929,0
28,1,6,0,8,1,-1.0,0.67589,677,-0.96846,1
28,1,6,2,4,3,-1.0,0.06162,61,-0.96855,0
28,1,6,3,5,2,-1.0,0.19637,196,-0.96846,0
29,0,8,2,9,2,-1.0,1.0,1000,-0.96839,1
30,2,9,1,7,3,-1.0,0.40222,402,-0.96842,0
30,2,9,3,7,3,-1.0,0.59778,598,-0.96843,1
31,3,7,5,8,3,-1.0,0.27491,275,-0.96849,0
31,3,7,4,5,5,-1.0,0.2804,280,-0.96843,0
31,3,7,5,6,3,-1.0,0.44469,445,-0.96845,1
32,5,6,3,5,1,-1.0,0.37016,370,-0.96843,1
32,5,6,6,4,4,-1.0,0.33838,339,-0.96851,0
32,5,6,7,5,3,-1.0,0.29145,291,-0.96842,0
33,3,5,1,4,2,-1.0,1.0,1000,-0.96839,1
34,1,4,0,2,0,-1.0,0.54317,543,-0.96841,1
34,1,4,3,3,2,-1.0,0.45683,457,-0.96844,0
1,9,9,7,8,4,-1.0,0.67271,673,-0.96842,1
1,9,9,8,7,4,-1.0,0.32729,327,-0.96843,0
2,7,8,5,9,1,-1.0,0.52376,524,-0.96844,1
2,7,8,5,7,4,-1.0,0.16122,161,-0.96851,0
2,7,8,6,6,4,-1.0,0.21525,215,-0.96847,0
2,7,8,8,6,5,-1.0,0.09976,100,-0.96875,0
3,5,9,6,7,6,-1.0,1.0,1000,-0.96839,1
4,6,7,8,8,1,-1.0,0.43871,439,-0.96845,1
4,6,7,7,9,3,-1.0,0.10977,110,-0.96871,0
4,6,7,4,6,5,-1.0,0.14121,141,-0.96854,0
4,6,7,5,5,5,-1.0,0.16571,166,-0.9686,0
4,6,7,7,5,5,-1.0,0.05693,57,-0.96895,0
4,6,7,8,6,4,-1.0,0.08767,87,-0.96848,0
5,8,8,6,9,2,-1.0,1.0,1000,-0.96839,1
6,6,9,5,7,3,-1.0,0.81032,811,-0.96843,1
6,6,9,7,7,6,-1.0,0.18968,189,-0.96841,0
7,5,7,4,9,3,-1.0,0.48097,481,-0.96843,1
7,5,7,3,6,5,-1.0,0.39802,398,-0.96844,0
7,5,7,6,5,6,-1.0,0.12101,121,-0.96862,0
8,4,9,2,8,4,-1.0,0.45963,460,-0.96846,1
8,4,9,3,7,6,-1.0,0.36052,360,-0.9684,0
8,4,9,6,8,3,-1.0,0.17985,180,-0.96856,0
9,2,8,0,9,1,-1.0,0.86673,868,-0.96844,1
9,2,8,0,7,2,-1.0,0.04242,42,-0.96879,0
9,2,8,1,6,3,-1.0,0.05942,59,-0.96867,0
9,2,8,3,6,4,-1.0,0.03144,31,-0.96892,0
10,0,9,1,7,4,-1.0,1.0,1000,-0.96839,1
11,1,7,2,9,1,-1.0,0.70177,703,-0.96846,1
11,1,7,0,5,2,-1.0,0.11561,115,-0.96847,0
11,1,7,2,5,7,-1.0,0.04729,47,-0.96883,0
11,1,7,3,6,3,-1.0,0.13533,135,-0.96852,0
12,2,9,3,7,5,-1.0,1.0,1000,-0.96839,1
13,3,7,5,8,5,-1.0,0.07935,79,-0.96862,0
13,3,7,1,8,3,-1.0,0.14834,148,-0.9685,0
13,3,7,1,6,2,-1.0,0.35264,353,-0.96848,1
13,3,7,2,5,6,-1.0,0.18423,184,-0.96849,0
13,3,7,5,6,6,-1.0,0.23544,236,-0.96857,0
14,1,6,0,4,3,-1.0,0.56758,568,-0.96844,1
14,1,6,3,5,5,-1.0,0.43242,432,-0.9684,0
15,0,4,2,5,5,-1.0,0.35788,358,-0.96846,0
15,0,4,1,2,3,-1.0,0.37058,371,-0.96848,1
15,0,4,2,3,4,-1.0,0.27154,271,-0.96842,0
16,1,2,3,3,5,-1.0,0.01347,13,-0.96955,0
16,1,2,0,0,1,-1.0,0.96385,965,-0.96843,1
16,1,2,2,0,3,-1.0,0.02268,22,-0.9688,0
17,0,0,2,1,4,-1.0,1.0,1000,-0.96839,1
18,2,1,3,3,4,-1.0,0.36776,368,-0.96847,0
18,2,1,1,3,5,-1.0,0.07843,78,-0.96859,0
18,2,1,0,2,3,-1.0,0.12794,128,-0.96862,0
18,2,1,4,0,2,-1.0,0.42587,426,-0.96844,1
19,4,0,5,2,4,-1.0,0.61906,619,-0.96841,1
19,4,0,3,2,5,-1.0,0.38094,381,-0.96845,0
20,5,2,6,4,4,-1.0,0.23198,232,-0.9685,0
20,5,2,4,4,7,-1.0,0.17923,179,-0.9685,0
20,5,2,3,3,3,-1.0,0.23005,230,-0.96849,0
20,5,2,6,0,1,-1.0,0.35874,359,-0.96847,1
21,6,0,4,1,4,-1.0,1.0,1000,-0.96839,1
22,4,1,6,2,5,-1.0,0.19844,198,-0.96845,0
22,4,1,5,3,4,-1.0,0.30865,309,-0.9685,1
22,4,1,3,3,2,-1.0,0.22032,220,-0.96846,0
22,4,1,2,0,2,-1.0,0.27258,273,-0.96853,0
23,5,3,7,4,5,-1.0,0.07741,77,-0.9686,0
23,5,3,6,5,5,-1.0,0.18691,187,-0.96854,0
23,5,3,3,4,5,-1.0,0.416,416,-0.96844,1
23,5,3,3,2,4,-1.0,0.31968,320,-0.96849,0
24,3,4,5,5,4,-1.0,0.4021,402,-0.96843,1
24,3,4,4,6,4,-1.0,0.28738,288,-0.96854,0
24,3,4,2,6,4,-1.0,0.10886,109,-0.96869,0
24,3,4,1,5,4,-1.0,0.12607,126,-0.96859,0
24,3,4,1,3,4,-1.0,0.07559,75,-0.96853,0
25,5,5,3,6,2,-1.0,0.25307,253,-0.96848,0
25,5,5,4,3,4,-1.0,0.42552,426,-0.96847,1
25,5,5,6,3,5,-1.0,0.20365,204,-0.96857,0
25,5,5,7,4,4,-1.0,0.11776,117,-0.96843,0
26,4,3,6,4,3,-1.0,0.30233,303,-0.96854,0
26,4,3,3,5,4,-1.0,0.42086,421,-0.96845,1
26,4,3,5,1,4,-1.0,0.05938,59,-0.96869,0
26,4,3,6,2,4,-1.0,0.21744,217,-0.96844,0
27,3,5,5,6,5,-1.0,0.38992,390,-0.96845,1
27,3,5,2,7,4,-1.0,0.09296,93,-0.96871,0
27,3,5,1,4,4,-1.0,0.24685,247,-0.96851,0
27,3,5,2,3,3,-1.0,0.27027,270,-0.96845,0
28,5,6,7,7,5,-1.0,0.06339,63,-0.96866,0
28,5,6,6,8,2,-1.0,0.21142,211,-0.96845,0
28,5,6,4,4,6,-1.0,0.19921,199,-0.96849,0
28,5,6,6,4,2,-1.0,0.36112,362,-0.96853,1
28,5,6,7,5,4,-1.0,0.16486,165,-0.96858,0
29,6,4,8,5,2,-1.0,0.51398,514,-0.96842,1
29,6,4,8,3,3,-1.0,0.48602,486,-0.96843,0
30,8,5,7,7,4,-1.0,0.11386,113,-0.9684,0
30,8,5,6,6,3,-1.0,0.88614,887,-0.96843,1
31,6,6,8,7,3,-1.0,0.30406,304,-0.96846,0
31,6,6,5,8,4,-1.0,0.41199,412,-0.96844,1
31,6,6,7,4,3,-1.0,0.28395,284,-0.96848,0
32,5,8,7,9,2,-1.0,0.30422,304,-0.96844,0
32,5,8,3,9,2,-1.0,0.34997,350,-0.96845,1
32,5,8,4,6,3,-1.0,0.22106,221,-0.9685,0
32,5,8,7,7,3,-1.0,0.12475,125,-0.96867,0
33,3,9,1,8,2,-1.0,0.9248,925,-0.9684,1
33,3,9,2,7,3,-1.0,0.0752,75,-0.96869,0
34,1,8,0,6,3,-1.0,0.75147,752,-0.96843,1
34,1,8,2,6,3,-1.0,0.24853,248,-0.96842,0
35,0,6,2,7,2,-1.0,0.314,314,-0.96846,0
35,0,6,1,4,3,-1.0,0.22765,227,-0.96841,0
35,0,6,2,5,4,-1.0,0.45834,459,-0.96848,1
36,2,5,4,6,2,-1.0,0.4278,428,-0.96845,1
36,2,5,1,3,3,-1.0,0.03314,33,-0.96916,0
36,2,5,3,3,1,-1.0,0.15828,158,-0.9685,0
36,2,5,4,4,5,-1.0,0.38078,381,-0.96846,0
37,4,6,2,7,1,-1.0,0.21743,217,-0.96844,0
37,4,6,6,5,4,-1.0,0.78257,783,-0.96842,1
38,6,5,8,6,3,-1.0,0.14814,148,-0.96854,0
38,6,5,7,7,2,-1.0,0.27908,279,-0.96847,0
38,6,5,4,4,4,-1.0,0.19983,200,-0.96854,0
38,6,5,8,4,1,-1.0,0.37295,373,-0.96845,1
39,8,4,6,3,4,-1.0,1.0,1000,-0.96839,1
40,6,3,7,5,3,-1.0,0.11223,112,-0.96858,0
40,6,3,4,4,3,-1.0,0.39516,395,-0.96843,1
40,6,3,5,1,3,-1.0,0.37031,371,-0.96851,0
40,6,3,8,2,3,-1.0,0.1223,122,-0.96854,0
41,4,4,3,6,1,-1.0,0.37557,376,-0.96848,1
41,4,4,2,3,2,-1.0,0.30099,301,-0.96847,0
41,4,4,3,2,3,-1.0,0.32344,323,-0.96842,0
42,3,6,1,5,3,-1.0,1.0,1000,-0.96839,1
43,1,5,2,7,0,-1.0,0.25165,252,-0.96853,0
43,1,5,0,7,1,-1.0,0.34217,342,-0.96844,0
43,1,5,2,3,1,-1.0,0.40618,406,-0.96842,1
44,2,3,0,2,2,-1.0,1.0,1000,-0.96839,1
45,0,2,1,4,2,-1.0,0.57509,575,-0.96841,1
45,0,2,1,0,0,-1.0,0.42491,425,-0.96844,0
46,1,4,2,6,2,-1.0,0.22383,224,-0.96853,0
46,1,4,3,3,0,-1.0,0.77617,776,-0.9684,1
1,5,5,7,6,7,-1.0,0.11754,117,-0.96848,0
1,5,5,6,7,7,-1.0,0.15508,155,-0.96855,0
1,5,5,4,7,7,-1.0,0.04454,44,-0.96868,0
1,5,5,3,6,7,-1.0,0.09517,95,-0.96864,0
1,5,5,3,4,6,-1.0,0.13396,134,-0.96861,0
1,5,5,4,3,7,-1.0,0.28109,282,-0.96858,1
1,5,5,6,3,6,-1.0,0.17262,173,-0.96861,0
2,4,3,6,4,7,-1.0,0.12153,121,-0.96848,0
2,4,3,3,5,7,-1.0,0.27737,278,-0.96855,1
2,4,3,2,4,7,-1.0,0.0538,54,-0.96905,0
2,4,3,2,2,7,-1.0,0.17812,178,-0.96852,0
2,4,3,3,1,5,-1.0,0.09503,95,-0.96868,0
2,4,3,5,1,5,-1.0,0.06863,68,-0.96853,0
2,4,3,6,2,6,-1.0,0.20551,206,-0.96859,0
3,3,5,5,6,7,-1.0,0.12227,122,-0.96855,0
3,3,5,4,7,6,-1.0,0.0299,29,-0.96846,0
3,3,5,2,7,6,-1.0,0.0402,40,-0.96898,0
3,3,5,1,6,5,-1.0,0.04789,48,-0.96908,0
3,3,5,1,4,3,-1.0,0.19751,198,-0.9686,0
3,3,5,2,3,5,-1.0,0.14235,142,-0.96851,0
3,3,5,5,4,6,-1.0,0.41989,421,-0.96852,1
4,5,4,7,5,7,-1.0,0.11192,112,-0.96867,0
4,5,4,6,6,6,-1.0,0.21769,218,-0.96855,1
4,5,4,4,6,6,-1.0,0.21326,213,-0.96847,0
4,5,4,3,3,7,-1.0,0.19888,199,-0.96854,0
4,5,4,6,2,5,-1.0,0.14864,149,-0.96865,0
4,5,4,7,3,7,-1.0,0.10961,109,-0.96847,0
5,6,6,8,7,5,-1.0,0.02744,27,-0.96899,0
5,6,6,7,8,5,-1.0,0.0392,39,-0.96899,0
5,6,6,5,8,5,-1.0,0.07167,71,-0.9685,0
5,6,6,4,7,5,-1.0,0.1427,143,-0.96865,0
5,6,6,4,5,7,-1.0,0.37948,380,-0.96849,1
5,6,6,8,5,5,-1.0,0.3395,340,-0.9685,0
6,4,5,5,7,6,-1.0,0.08934,89,-0.9686,0
6,4,5,3,7,7,-1.0,0.03842,38,-0.96883,0
6,4,5,2,6,6,-1.0,0.05381,54,-0.96904,0
6,4,5,2,4,6,-1.0,0.13365,134,-0.96868,0
6,4,5,3,3,6,-1.0,0.25905,259,-0.96848,1
6,4,5,5,3,6,-1.0,0.22369,224,-0.96855,0
6,4,5,6,4,6,-1.0,0.20204,202,-0.96851,0
7,3,3,2,5,6,-1.0,0.21026,210,-0.96847,0
7,3,3,1,4,2,-1.0,0.26474,265,-0.96851,1
7,3,3,1,2,5,-1.0,0.09115,91,-0.96865,0
7,3,3,2,1,3,-1.0,0.19317,193,-0.9685,0
7,3,3,4,1,5,-1.0,0.09078,91,-0.96878,0
7,3,3,5,2,7,-1.0,0.14989,150,-0.96859,0
8,1,4,2,6,5,-1.0,0.59176,592,-0.96843,1
8,1,4,2,2,6,-1.0,0.40824,408,-0.96842,0
9,2,6,4,7,4,-1.0,0.12268,122,-0.96844,0
9,2,6,1,8,2,-1.0,0.14332,143,-0.96851,0
9,2,6,0,7,3,-1.0,0.03467,34,-0.96866,0
9,2,6,0,5,3,-1.0,0.28227,283,-0.96855,0
9,2,6,3,4,5,-1.0,0.41706,418,-0.96851,1
10,3,4,4,6,5,-1.0,0.39057,391,-0.96848,1
10,3,4,1,5,5,-1.0,0.04053,40,-0.96873,0
10,3,4,1,3,5,-1.0,0.11697,117,-0.96864,0
10,3,4,2,2,5,-1.0,0.10584,106,-0.9687,0
10,3,4,5,3,5,-1.0,0.34609,346,-0.96844,0
11,4,6,6,7,6,-1.0,0.09779,97,-0.96843,0
11,4,6,5,8,4,-1.0,0.2478,248,-0.96851,0
11,4,6,2,7,5,-1.0,0.01911,19,-0.96977,0
11,4,6,2,5,5,-1.0,0.18875,189,-0.96857,0
11,4,6,6,5,7,-1.0,0.44655,447,-0.96846,1
12,6,5,8,6,4,-1.0,0.05666,56,-0.96855,0
12,6,5,7,7,7,-1.0,0.0307,30,-0.96867,0
12,6,5,5,7,5,-1.0,0.05729,57,-0.96875,0
12,6,5,4,4,7,-1.0,0.22788,228,-0.96852,0
12,6,5,5,3,4,-1.0,0.39584,397,-0.96853,1
12,6,5,7,3,6,-1.0,0.12955,130,-0.96871,0
12,6,5,8,4,5,-1.0,0.10209,102,-0.96864,0
13,5,3,3,2,7,-1.0,0.33038,331,-0.96852,0
13,5,3,4,1,4,-1.0,0.47161,472,-0.96845,1
13,5,3,6,1,4,-1.0,0.08562,85,-0.9685,0
13,5,3,7,2,7,-1.0,0.1124,112,-0.96853,0
14,4,1,6,2,4,-1.0,0.18562,185,-0.96843,0
14,4,1,2,2,4,-1.0,0.02991,29,-0.96845,0
14,4,1,2,0,3,-1.0,0.29347,294,-0.96853,0
14,4,1,6,0,3,-1.0,0.491,492,-0.96849,1
15,6,0,8,1,3,-1.0,0.67354,674,-0.96843,1
15,6,0,7,2,6,-1.0,0.09084,90,-0.96842,0
15,6,0,5,2,6,-1.0,0.23562,236,-0.96855,0
16,8,1,9,3,2,-1.0,0.70586,706,-0.96841,1
16,8,1,7,3,5,-1.0,0.12916,129,-0.96856,0
16,8,1,6,2,3,-1.0,0.16497,165,-0.96856,0
17,9,3,8,5,4,-1.0,0.57213,572,-0.96841,1
17,9,3,7,2,5,-1.0,0.42787,428,-0.96845,0
18,8,5,9,7,3,-1.0,0.47186,472,-0.96844,1
18,8,5,7,7,6,-1.0,0.03501,35,-0.96923,0
18,8,5,6,4,5,-1.0,0.31081,311,-0.96848,0
18,8,5,7,3,4,-1.0,0.18233,182,-0.96848,0
19,9,7,8,9,2,-1.0,0.80122,802,-0.96843,1
19,9,7,7,8,4,-1.0,0.05953,59,-0.96861,0
19,9,7,7,6,6,-1.0,0.13925,139,-0.96853,0
20,8,9,6,8,5,-1.0,0.84661,847,-0.96841,1
20,8,9,7,7,5,-1.0,0.15339,153,-0.96849,0
21,6,8,4,9,3,-1.0,0.2848,285,-0.96849,0
21,6,8,4,7,3,-1.0,0.20927,209,-0.96847,0
21,6,8,5,6,6,-1.0,0.38658,387,-0.96848,1
21,6,8,7,6,5,-1.0,0.09436,94,-0.96858,0
21,6,8,8,7,4,-1.0,0.025,25,-0.96958,0
22,5,6,7,7,4,-1.0,0.11177,112,-0.96871,0
22,5,6,4,8,5,-1.0,0.12275,123,-0.96868,0
22,5,6,3,7,6,-1.0,0.03979,39,-0.96853,0
22,5,6,4,4,6,-1.0,0.3231,323,-0.96845,1
22,5,6,6,4,4,-1.0,0.29951,300,-0.96852,0
22,5,6,7,5,6,-1.0,0.10308,103,-0.96864,0
23,4,4,3,6,6,-1.0,0.19402,194,-0.96852,0
23,4,4,2,5,4,-1.0,0.05061,50,-0.9686,0
23,4,4,2,3,4,-1.0,0.15211,152,-0.96855,0
23,4,4,3,2,6,-1.0,0.25919,259,-0.96846,1
23,4,4,5,2,5,-1.0,0.0968,97,-0.96875,0
23,4,4,6,3,5,-1.0,0.24727,248,-0.96858,0
24,3,2,2,4,5,-1.0,0.2324,232,-0.96844,0
24,3,2,1,3,4,-1.0,0.08212,82,-0.9687,0
24,3,2,1,1,3,-1.0,0.09481,95,-0.96875,0
24,3,2,2,0,2,-1.0,0.40449,405,-0.96848,1
24,3,2,4,0,3,-1.0,0.09238,92,-0.96857,0
24,3,2,5,1,4,-1.0,0.0938,94,-0.96876,0
25,2,0,1,2,4,-1.0,0.14538,145,-0.9685,0
25,2,0,0,1,2,-1.0,0.85462,855,-0.96841,1
26,0,1,2,2,3,-1.0,0.30647,306,-0.96842,0
26,0,1,1,3,3,-1.0,0.69353,694,-0.96843,1
27,1,3,2,5,3,-1.0,0.19682,197,-0.96855,0
27,1,3,0,5,2,-1.0,0.755,755,-0.9684,1
27,1,3,2,1,2,-1.0,0.04818,48,-0.96889,0
28,0,5,1,7,4,-1.0,0.25449,254,-0.96842,0
28,0,5,2,4,4,-1.0,0.74551,746,-0.96842,1
29,2,4,3,6,5,-1.0,0.39633,397,-0.96849,1
29,2,4,1,6,4,-1.0,0.17981,180,-0.96857,0
29,2,4,0,3,3,-1.0,0.29424,294,-0.96844,0
29,2,4,1,2,3,-1.0,0.12963,129,-0.96845,0
30,3,6,5,7,4,-1.0,0.23326,233,-0.96846,0
30,3,6,4,8,4,-1.0,0.53022,531,-0.96847,1
30,3,6,2,8,5,-1.0,0.05031,50,-0.96879,0
30,3,6,1,7,3,-1.0,0.0396,39,-0.96867,0
30,3,6,1,5,4,-1.0,0.14661,147,-0.96866,0
31,4,8,6,9,3,-1.0,0.21822,218,-0.96847,0
31,4,8,2,9,3,-1.0,0.3482,349,-0.96852,1
31,4,8,2,7,4,-1.0,0.17854,178,-0.96844,0
31,4,8,6,7,5,-1.0,0.25504,255,-0.96848,0
32,2,9,0,8,2,-1.0,0.72466,725,-0.96842,1
32,2,9,1,7,2,-1.0,0.14951,149,-0.96846,0
32,2,9,3,7,5,-1.0,0.12583,126,-0.96865,0
33,0,8,1,6,3,-1.0,0.76941,770,-0.96843,1
33,0,8,2,7,3,-1.0,0.23059,230,-0.96842,0
34,1,6,3,7,4,-1.0,0.19977,199,-0.9684,0
34,1,6,2,8,4,-1.0,0.10697,107,-0.96866,0
34,1,6,0,4,3,-1.0,0.69326,694,-0.96844,1
35,0,4,2,5,2,-1.0,0.55299,553,-0.96842,1
35,0,4,1,2,2,-1.0,0.10614,106,-0.96861,0
35,0,4,2,3,3,-1.0,0.34086,341,-0.96847,0
36,2,5,3,7,3,-1.0,0.43253,432,-0.9684,0
36,2,5,1,7,1,-1.0,0.56747,568,-0.96845,1
37,1,7,0,9,1,-1.0,1.0,1000,-0.96839,1
38,0,9,2,8,3,-1.0,1.0,1000,-0.96839,1
39,2,8,4,9,2,-1.0,0.6779,679,-0.96846,1
39,2,8,0,7,2,-1.0,0.09051,90,-0.96853,0
39,2,8,4,7,2,-1.0,0.23158,231,-0.96842,0
40,4,9,3,7,2,-1.0,0.43576,436,-0.96845,0
40,4,9,5,7,3,-1.0,0.56424,564,-0.9684,1
41,5,7,7,8,3,-1.0,0.15683,157,-0.96859,0
41,5,7,6,9,2,-1.0,0.66166,662,-0.96843,1
41,5,7,7,6,4,-1.0,0.1815,181,-0.96845,0
42,6,9,7,7,3,-1.0,0.00599,6,-0.97291,0
42,6,9,8,8,3,-1.0,0.99401,994,-0.96839,1
43,8,8,6,7,4,-1.0,0.12157,121,-0.96847,0
43,8,8,7,6,3,-1.0,0.20874,209,-0.96855,0
43,8,8,9,6,3,-1.0,0.66968,670,-0.96842,1
44,9,6,7,7,2,-1.0,0.09939,99,-0.96856,0
44,9,6,7,5,5,-1.0,0.24894,249,-0.9685,0
44,9,6,8,4,4,-1.0,0.65168,652,-0.96843,1
45,8,4,7,6,2,-1.0,0.15236,152,-0.96849,0
45,8,4,6,3,4,-1.0,0.36986,370,-0.96846,1
45,8,4,7,2,4,-1.0,0.14658,146,-0.96845,0
45,8,4,9,2,3,-1.0,0.33121,332,-0.96853,0
46,6,3,7,5,4,-1.0,0.23129,231,-0.96846,0
46,6,3,5,1,3,-1.0,0.38401,384,-0.96844,1
46,6,3,7,1,5,-1.0,0.1621,162,-0.96854,0
46,6,3,8,2,4,-1.0,0.2226,223,-0.96856,0
47,5,1,7,2,3,-1.0,0.38265,383,-0.96847,0
47,5,1,3,0,2,-1.0,0.21787,218,-0.96852,0
47,5,1,7,0,3,-1.0,0.39947,399,-0.9684,1
48,7,0,9,1,2,-1.0,0.85329,854,-0.96842,1
48,7,0,8,2,3,-1.0,0.05989,60,-0.96894,0
48,7,0,6,2,2,-1.0,0.08682,86,-0.96843,0
49,9,1,8,3,5,-1.0,0.43152,431,-0.9684,0
49,9,1,7,2,2,-1.0,0.56848,569,-0.96845,1
50,7,2,6,4,3,-1.0,0.47985,480,-0.96844,0
50,7,2,8,0,2,-1.0,0.52015,520,-0.96841,1
51,8,0,9,2,2,-1.0,0.75596,756,-0.9684,1
51,8,0,6,1,3,-1.0,0.24404,244,-0.96848,0
52,9,2,7,3,3,-1.0,0.63428,634,-0.9684,1
52,9,2,7,1,4,-1.0,0.36572,366,-0.96847,0
53,7,3,9,4,3,-1.0,0.49307,493,-0.96842,1
53,7,3,5,2,4,-1.0,0.22636,226,-0.96845,0
53,7,3,6,1,2,-1.0,0.28057,281,-0.96852,0
54,9,4,8,6,3,-1.0,0.2575,257,-0.96842,0
54,9,4,7,5,3,-1.0,0.5211,522,-0.96848,1
54,9,4,8,2,2,-1.0,0.2214,221,-0.96845,0
55,7,5,8,7,3,-1.0,0.13606,136,-0.96858,0
55,7,5,6,7,3,-1.0,0.37162,372,-0.96848,0
55,7,5,8,3,4,-0.99999,0.49232,492,-0.9684,1
56,8,3,9,5,2,-0.99995,0.34531,346,-0.96847,1
56,8,3,6,4,2,-1.0,0.24458,244,-0.96842,0
56,8,3,6,2,1,-1.0,0.29381,294,-0.96849,0
56,8,3,7,1,3,-1.0,0.1163,116,-0.96855,0
57,9,5,8,7,2,-1.0,0.23546,235,-0.96843,0
57,9,5,7,6,1,-0.99994,0.76454,765,-0.96836,1
58,7,6,6,4,1,-0.99995,1.0,1000,-0.96834,1
59,6,4,5,2,3,-0.99995,1.0,1000,-0.96834,1
60,5,2,3,1,4,-0.99998,0.37721,377,-0.96841,0
60,5,2,4,0,2,-0.99991,0.41326,414,-0.9684,1
60,5,2,7,1,2,-0.99999,0.20953,209,-0.96842,0
61,4,0,6,1,1,-0.99998,0.85521,855,-0.96837,1
61,4,0,2,1,1,-0.99981,0.14479,145,-0.96843,0
62,6,1,8,2,1,-0.99998,1.0,1000,-0.96837,1
63,8,2,9,0,1,-0.99998,1.0,1000,-0.96837,1
64,9,0,7,1,1,-0.99998,1.0,1000,-0.96837,1
65,7,1,5,0,2,-0.99998,1.0,1000,-0.96837,1
66,5,0,6,2,0,-1.0,0.49592,496,-0.96843,0
66,5,0,3,1,3,-0.99996,0.50408,504,-0.96838,1
67,3,1,2,3,2,-0.99994,0.32724,328,-0.96847,0
67,3,1,1,2,1,-1.0,0.1876,187,-0.96843,0
67,3,1,1,0,1,-1.0,0.48515,485,-0.96842,1
68,1,0,2,2,2,-1.0,1.0,1000,-0.96839,1
69,2,2,0,3,2,-1.0,0.52561,526,-0.96844,1
69,2,2,3,0,1,-1.0,0.47439,474,-0.9684,0
70,0,3,1,5,3,-1.0,0.84074,841,-0.96841,1
70,0,3,1,1,2,-1.0,0.15926,159,-0.96851,0
71,1,5,2,7,2,-1.0,0.13697,137,-0.9686,0
71,1,5,0,7,1,-1.0,0.74463,745,-0.96842,1
71,1,5,2,3,1,-1.0,0.1184,118,-0.96852,0
72,0,7,1,9,1,-1.0,1.0,1000,-0.96839,1
73,1,9,2,7,1,-1.0,1.0,1000,-0.96839,1
74,2,7,3,9,3,-1.0,1.0,1000,-0.96839,1
75,3,9,1,8,1,-1.0,0.43336,433,-0.96841,1
75,3,9,4,7,1,-1.0,0.24476,245,-0.96852,0
75,3,9,5,8,3,-1.0,0.32189,322,-0.96847,0
76,1,8,3,7,1,-1.0,1.0,1000,-0.96839,1
77,3,7,5,8,2,-1.0,1.0,1000,-0.96839,1
78,5,8,7,9,3,-1.0,0.60052,601,-0.96844,1
78,5,8,7,7,1,-1.0,0.39948,399,-0.9684,0
79,7,9,6,7,2,-1.0,0.15197,152,-0.96858,0
79,7,9,8,7,1,-1.0,0.18241,182,-0.96846,0
79,7,9,9,8,2,-1.0,0.66562,666,-0.96843,1
80,9,8,7,7,0,-1.0,0.47375,474,-0.96844,0
80,9,8,8,6,2,-1.0,0.52625,526,-0.96841,1
81,8,6,7,8,2,-1.0,0.31086,311,-0.96848,0
81,8,6,6,7,1,-1.0,0.68914,689,-0.9684,1
82,6,7,5,9,2,-1.0,1.0,1000,-0.96839,1
83,5,9,4,7,0,-1.0,0.63899,639,-0.96841,1
83,5,9,7,8,1,-1.0,0.36101,361,-0.96845,0
1,1,1,3,2,7,-1.0,0.13567,135,-0.96844,0
1,1,1,2,3,7,-1.0,0.09891,99,-0.96871,0
1,1,1,0,3,3,-1.0,0.56157,562,-0.96844,1
1,1,1,3,0,3,-1.0,0.20384,204,-0.96854,0
2,0,3,2,4,7,-1.0,0.29504,295,-0.96846,0
2,0,3,1,5,5,-1.0,0.41356,414,-0.96847,1
2,0,3,2,2,7,-1.0,0.2914,291,-0.96843,0
3,1,5,3,6,7,-1.0,0.12133,121,-0.96853,0
3,1,5,2,7,7,-1.0,0.04394,44,-0.96911,0
3,1,5,0,7,3,-1.0,0.56853,569,-0.96844,1
3,1,5,2,3,6,-1.0,0.03606,36,-0.96916,0
3,1,5,3,4,7,-1.0,0.23014,230,-0.96848,0
4,0,7,2,8,5,-1.0,0.00731,7,-0.9711,0
4,0,7,1,9,2,-1.0,0.90002,901,-0.96843,1
4,0,7,2,6,7,-1.0,0.09267,92,-0.96847,0
5,1,9,2,7,6,-1.0,0.02953,29,-0.96885,0
5,1,9,3,8,5,-1.0,0.97047,971,-0.96841,1
6,3,8,5,9,3,-1.0,0.75744,759,-0.96847,1
6,3,8,1,7,5,-1.0,0.02578,25,-0.96863,0
6,3,8,2,6,6,-1.0,0.04346,43,-0.96875,0
6,3,8,4,6,7,-1.0,0.05323,53,-0.96881,0
6,3,8,5,7,7,-1.0,0.12009,120,-0.9686,0
7,5,9,4,7,7,-1.0,0.06991,69,-0.9684,0
7,5,9,6,7,7,-1.0,0.13494,135,-0.96861,0
7,5,9,7,8,5,-1.0,0.79515,796,-0.96844,1
8,7,8,9,9,1,-1.0,0.96332,965,-0.96845,1
8,7,8,5,7,6,-1.0,0.00516,5,-0.97281,0
8,7,8,6,6,7,-1.0,0.00895,8,-0.96852,0
8,7,8,8,6,5,-1.0,0.00222,2,-0.97659,0
8,7,8,9,7,3,-1.0,0.02035,20,-0.96933,0
9,9,9,8,7,5,-1.0,1.0,1000,-0.96839,1
10,8,7,7,9,3,-1.0,0.2816,282,-0.96852,1
10,8,7,6,8,5,-1.0,0.04713,47,-0.96894,0
10,8,7,6,6,6,-1.0,0.26756,267,-0.96841,0
10,8,7,7,5,7,-1.0,0.2118,212,-0.96854,0
10,8,7,9,5,3,-1.0,0.19192,192,-0.96854,0
11,7,9,5,8,5,-1.0,0.03904,39,-0.96912,0
11,7,9,6,7,6,-1.0,0.06138,61,-0.96868,0
11,7,9,9,8,2,-1.0,0.89958,900,-0.96841,1
12,9,8,7,7,7,-1.0,0.03535,35,-0.96893,0
12,9,8,8,6,4,-1.0,0.96465,965,-0.96841,1
13,8,6,6,7,5,-1.0,0.09063,90,-0.96849,0
13,8,6,6,5,7,-1.0,0.25784,258,-0.9685,0
13,8,6,7,4,7,-1.0,0.0959,96,-0.96872,0
13,8,6,9,4,3,-1.0,0.55562,556,-0.96844,1
14,9,4,7,5,6,-1.0,0.25037,250,-0.96844,0
14,9,4,7,3,7,-1.0,0.44114,441,-0.96842,1
14,9,4,8,2,5,-1.0,0.30849,309,-0.96852,0
15,7,3,8,5,5,-1.0,0.13832,138,-0.96852,0
15,7,3,6,5,6,-1.0,0.07145,71,-0.9686,0
15,7,3,5,4,7,-1.0,0.08077,81,-0.96884,0
15,7,3,5,2,7,-1.0,0.18796,188,-0.96853,0
15,7,3,6,1,5,-1.0,0.20255,203,-0.96859,0
15,7,3,8,1,3,-1.0,0.06826,68,-0.9687,0
15,7,3,9,2,3,-1.0,0.25069,251,-0.96853,1
16,9,2,8,4,5,-1.0,0.2763,276,-0.96844,0
16,9,2,7,1,5,-1.0,0.22745,227,-0.96844,0
16,9,2,8,0,2,-1.0,0.49625,497,-0.96847,1
17,8,0,7,2,7,-1.0,0.13019,130,-0.96856,0
17,8,0,6,1,4,-1.0,0.86981,870,-0.9684,1
18,6,1,8,2,4,-1.0,0.20358,203,-0.96843,0
18,6,1,5,3,7,-1.0,0.17654,176,-0.96844,0
18,6,1,4,2,7,-1.0,0.20066,201,-0.96857,0
18,6,1,4,0,3,-1.0,0.41922,420,-0.9685,1
19,4,0,5,2,6,-1.0,0.41783,418,-0.96845,0
19,4,0,3,2,6,-1.0,0.50747,508,-0.96846,1
19,4,0,2,1,5,-1.0,0.0747,74,-0.96849,0
20,3,2,5,3,6,-1.0,0.18613,186,-0.96851,0
20,3,2,4,4,7,-1.0,0.22721,227,-0.96847,0
20,3,2,2,4,6,-1.0,0.06333,63,-0.96869,0
20,3,2,1,3,5,-1.0,0.03825,38,-0.96897,0
20,3,2,2,0,3,-1.0,0.37942,380,-0.96849,1
20,3,2,5,1,5,-1.0,0.10566,106,-0.96876,0
21,2,0,4,1,5,-1.0,0.11736,117,-0.96853,0
21,2,0,1,2,5,-1.0,0.08312,83,-0.96869,0
21,2,0,0,1,2,-1.0,0.79952,800,-0.96842,1
22,0,1,2,2,6,-1.0,0.41711,417,-0.96843,0
22,0,1,1,3,4,-1.0,0.58289,583,-0.96842,1
23,1,3,3,4,6,-1.0,0.23691,237,-0.96851,0
23,1,3,2,5,7,-1.0,0.09735,97,-0.96857,0
23,1,3,0,5,3,-1.0,0.62631,627,-0.96845,1
23,1,3,2,1,4,-1.0,0.03943,39,-0.96881,0
24,0,5,2,6,5,-1.0,0.21163,211,-0.96842,0
24,0,5,1,7,4,-1.0,0.13906,139,-0.96857,0
24,0,5,2,4,5,-1.0,0.6493,650,-0.96844,1
25,2,4,4,5,7,-1.0,0.1324,132,-0.9685,0
25,2,4,3,6,6,-1.0,0.15693,157,-0.96858,0
25,2,4,1,6,5,-1.0,0.33939,340,-0.96851,1
25,2,4,1,2,4,-1.0,0.0614,61,-0.96867,0
25,2,4,4,3,7,-1.0,0.30989,310,-0.96847,0
26,1,6,3,7,7,-1.0,0.04535,45,-0.96881,0
26,1,6,2,8,4,-1.0,0.00576,5,-0.96961,0
26,1,6,0,8,2,-1.0,0.52089,522,-0.96849,1
26,1,6,0,4,3,-1.0,0.14459,144,-0.96845,0
26,1,6,3,5,7,-1.0,0.28341,284,-0.96854,0
27,0,8,2,9,3,-1.0,0.57153,572,-0.96844,1
27,0,8,2,7,5,-1.0,0.42847,428,-0.9684,0
28,2,9,1,7,3,-1.0,0.11501,115,-0.96863,0
28,2,9,3,7,6,-1.0,0.08667,86,-0.96848,0
28,2,9,4,8,5,-1.0,0.79832,799,-0.96843,1
29,4,8,6,9,3,-1.0,0.38143,382,-0.96849,1
29,4,8,2,7,4,-1.0,0.0996,99,-0.96849,0
29,4,8,3,6,5,-1.0,0.20365,204,-0.96857,0
29,4,8,5,6,7,-1.0,0.17685,177,-0.96857,0
29,4,8,6,7,4,-1.0,0.13848,138,-0.96848,0
30,6,9,5,7,5,-1.0,0.01644,16,-0.96941,0
30,6,9,7,7,6,-1.0,0.01198,11,-0.96841,0
30,6,9,8,8,3,-1.0,0.97158,973,-0.96844,1
31,8,8,6,7,3,-1.0,0.35036,350,-0.96842,0
31,8,8,7,6,7,-1.0,0.24967,250,-0.96853,0
31,8,8,9,6,3,-1.0,0.39998,400,-0.96844,1
32,9,6,7,7,5,-1.0,0.12684,127,-0.96865,0
32,9,6,7,5,5,-1.0,0.34029,340,-0.96843,0
32,9,6,8,4,4,-1.0,0.53287,533,-0.96843,1
33,8,4,7,6,6,-1.0,0.03032,30,-0.96906,0
33,8,4,6,5,5,-1.0,0.26595,266,-0.96849,0
33,8,4,6,3,7,-1.0,0.4991,499,-0.96842,1
33,8,4,7,2,6,-1.0,0.20464,205,-0.96857,0
34,6,3,7,5,4,-1.0,0.09554,95,-0.96851,0
34,6,3,5,5,7,-1.0,0.06962,69,-0.96853,0
34,6,3,4,4,6,-1.0,0.17366,174,-0.9686,0
34,6,3,4,2,6,-1.0,0.22086,221,-0.96852,1
34,6,3,5,1,4,-1.0,0.2184,219,-0.96859,0
34,6,3,7,1,4,-1.0,0.05193,52,-0.969,0
34,6,3,8,2,3,-1.0,0.16999,170,-0.96855,0
35,4,2,5,4,6,-1.0,0.13955,139,-0.96846,0
35,4,2,3,4,5,-1.0,0.09311,93,-0.96866,0
35,4,2,2,3,5,-1.0,0.11181,112,-0.9687,0
35,4,2,2,1,3,-1.0,0.03247,32,-0.96887,0
35,4,2,3,0,2,-1.0,0.43605,437,-0.9685,1
35,4,2,5,0,3,-1.0,0.18701,187,-0.96853,0
36,3,0,5,1,3,-1.0,0.68721,687,-0.9684,1
36,3,0,2,2,5,-1.0,0.31279,313,-0.96848,0
37,5,1,7,2,5,-1.0,0.10135,101,-0.96856,0
37,5,1,4,3,6,-1.0,0.50354,504,-0.96845,1
37,5,1,7,0,3,-1.0,0.39511,395,-0.96843,0
38,4,3,6,4,7,-1.0,0.16129,162,-0.96869,0
38,4,3,5,5,6,-1.0,0.08555,85,-0.96853,0
38,4,3,3,5,6,-1.0,0.33615,337,-0.96853,1
38,4,3,2,2,4,-1.0,0.1712,171,-0.96851,0
38,4,3,3,1,5,-1.0,0.14635,146,-0.9685,0
38,4,3,6,2,7,-1.0,0.09946,99,-0.96853,0
39,3,5,5,6,6,-1.0,0.19214,192,-0.9685,0
39,3,5,4,7,6,-1.0,0.07222,72,-0.9687,0
39,3,5,2,7,3,-1.0,0.10085,101,-0.96872,0
39,3,5,1,4,5,-1.0,0.25858,259,-0.96853,1
39,3,5,2,3,4,-1.0,0.13429,134,-0.96853,0
39,3,5,5,4,5,-1.0,0.24191,242,-0.9685,0
40,1,4,2,6,4,-1.0,0.15073,151,-0.96863,0
40,1,4,0,6,3,-1.0,0.37487,375,-0.96846,1
40,1,4,0,2,3,-1.0,0.16016,160,-0.96853,0
40,1,4,2,2,3,-1.0,0.06394,64,-0.96888,0
40,1,4,3,3,7,-1.0,0.2503,250,-0.96845,0
41,0,6,2,7,2,-1.0,0.19231,192,-0.96847,0
41,0,6,1,8,3,-1.0,0.51004,510,-0.96842,1
41,0,6,2,5,6,-1.0,0.29764,298,-0.9685,0
42,1,8,3,9,3,-1.0,0.1906,190,-0.96843,0
42,1,8,2,6,3,-1.0,0.40689,407,-0.96845,1
42,1,8,3,7,5,-1.0,0.40251,403,-0.96848,0
43,2,6,4,7,5,-1.0,0.17602,176,-0.96854,0
43,2,6,3,4,4,-1.0,0.24629,246,-0.96845,0
43,2,6,4,5,6,-1.0,0.5777,578,-0.96843,1
44,4,5,6,6,5,-1.0,0.16713,167,-0.96853,0
44,4,5,5,7,4,-1.0,0.13621,136,-0.96854,0
44,4,5,3,7,4,-1.0,0.08705,87,-0.9687,0
44,4,5,3,3,6,-1.0,0.16317,163,-0.96852,0
44,4,5,5,3,5,-1.0,0.20474,205,-0.96856,0
44,4,5,6,4,6,-1.0,0.2417,242,-0.96853,1
45,6,4,8,5,4,-1.0,0.10756,107,-0.96849,0
45,6,4,7,6,5,-1.0,0.11276,113,-0.96871,0
45,6,4,5,6,5,-1.0,0.22486,225,-0.96852,0
45,6,4,5,2,5,-1.0,0.16559,166,-0.96863,0
45,6,4,7,2,4,-1.0,0.22586,226,-0.96852,1
45,6,4,8,3,5,-1.0,0.16337,163,-0.96848,0
46,7,2,9,3,3,-1.0,0.09755,97,-0.96851,0
46,7,2,5,3,4,-1.0,0.21023,210,-0.96848,0
46,7,2,6,0,3,-1.0,0.14189,142,-0.96861,0
46,7,2,9,1,2,-1.0,0.55032,551,-0.96846,1
47,9,1,8,3,4,-1.0,0.21557,215,-0.96842,0
47,9,1,7,0,2,-1.0,0.78443,785,-0.96842,1
48,7,0,8,2,2,-1.0,0.60661,607,-0.96843,1
48,7,0,6,2,6,-1.0,0.39339,393,-0.96841,0
49,8,2,7,4,6,-1.0,0.06321,63,-0.96875,0
49,8,2,9,0,1,-1.0,0.93679,937,-0.9684,1
50,9,0,7,1,3,-1.0,1.0,1000,-0.96839,1
51,7,1,8,3,3,-1.0,0.08647,86,-0.96856,0
51,7,1,5,2,4,-1.0,0.0487,48,-0.96856,0
51,7,1,5,0,2,-1.0,0.86483,866,-0.96844,1
52,5,0,6,2,5,-1.0,0.6911,691,-0.9684,1
52,5,0,3,1,4,-1.0,0.3089,309,-0.96847,0
53,6,2,8,3,2,-1.0,0.26187,262,-0.9685,0
53,6,2,7,4,5,-1.0,0.15636,156,-0.96849,0
53,6,2,5,4,4,-1.0,0.29425,295,-0.96855,1
53,6,2,4,1,4,-1.0,0.12711,127,-0.96858,0
53,6,2,8,1,2,-1.0,0.16041,160,-0.96848,0
54,5,4,7,5,3,-1.0,0.1892,189,-0.96849,0
54,5,4,6,6,4,-1.0,0.25737,258,-0.96856,0
54,5,4,4,6,6,-1.0,0.25532,255,-0.96845,0
54,5,4,3,3,5,-1.0,0.29811,298,-0.96846,1
55,3,3,2,5,5,-1.0,0.27639,277,-0.96854,0
55,3,3,1,2,3,-1.0,0.0689,69,-0.96886,0
55,3,3,2,1,2,-1.0,0.14618,146,-0.96854,0
55,3,3,4,1,3,-1.0,0.15849,158,-0.96846,0
55,3,3,5,2,3,-1.0,0.35004,350,-0.96845,1
56,5,2,4,4,5,-1.0,0.42481,425,-0.96845,1
56,5,2,3,1,3,-1.0,0.33501,335,-0.96845,0
56,5,2,6,0,2,-1.0,0.24018,240,-0.96847,0
57,4,4,6,5,4,-1.0,0.16099,161,-0.96856,0
57,4,4,5,6,4,-1.0,0.24336,243,-0.96844,1
57,4,4,3,6,4,-1.0,0.21161,212,-0.96857,0
57,4,4,2,5,4,-1.0,0.19448,194,-0.96845,0
57,4,4,2,3,3,-1.0,0.18957,190,-0.9686,0
58,5,6,7,7,4,-1.0,0.16048,160,-0.96846,0
58,5,6,6,8,4,-1.0,0.25882,259,-0.96851,0
58,5,6,3,7,3,-1.0,0.21203,212,-0.96851,0
58,5,6,7,5,2,-1.0,0.36868,369,-0.96847,1
59,7,5,6,7,2,-1.0,0.83564,836,-0.96841,1
59,7,5,8,3,1,-1.0,0.16436,164,-0.96848,0
60,6,7,4,6,5,-1.0,0.62396,624,-0.96841,1
60,6,7,5,5,5,-1.0,0.37604,376,-0.96844,0
61,4,6,5,8,4,-1.0,0.10829,108,-0.96857,0
61,4,6,2,7,1,-1.0,0.13464,134,-0.96845,0
61,4,6,2,5,3,-1.0,0.33962,340,-0.96849,1
61,4,6,3,4,3,-1.0,0.26141,262,-0.96855,0
61,4,6,6,5,3,-1.0,0.15604,156,-0.96855,0
62,2,5,3,7,2,-1.0,0.33148,332,-0.96851,0
62,2,5,1,7,2,-1.0,0.55378,554,-0.96843,1
62,2,5,0,4,2,-1.0,0.11474,114,-0.96843,0
63,1,7,0,9,1,-1.0,0.98517,986,-0.96842,1
63,1,7,3,6,3,-1.0,0.01483,14,-0.96872,0
64,0,9,2,8,3,-1.0,1.0,1000,-0.96839,1
65,2,8,4,9,3,-1.0,0.54754,548,-0.96845,1
65,2,8,3,6,2,-1.0,0.28217,282,-0.96845,0
65,2,8,4,7,4,-1.0,0.1703,170,-0.96849,0
66,4,9,3,7,1,-1.0,0.37285,373,-0.96846,1
66,4,9,5,7,3,-1.0,0.25396,254,-0.96849,0
66,4,9,6,8,3,-1.0,0.3732,373,-0.96843,0
67,3,7,5,8,3,-1.0,1.0,1000,-0.96839,1
68,5,8,3,9,2,-1.0,0.375,375,-0.96845,0
68,5,8,6,6,3,-1.0,0.39304,393,-0.96844,1
68,5,8,7,7,3,-1.0,0.23196,232,-0.9685,0
69,6,6,4,7,3,-1.0,0.31508,315,-0.96845,0
69,6,6,7,4,4,-1.0,0.31026,310,-0.96844,0
69,6,6,8,5,3,-1.0,0.37466,375,-0.96847,1
70,8,5,9,7,2,-1.0,0.43853,439,-0.96847,1
70,8,5,7,7,2,-1.0,0.14155,141,-0.96846,0
70,8,5,9,3,2,-1.0,0.41991,420,-0.96844,0
71,9,7,8,9,2,-1.0,0.73345,734,-0.96843,1
71,9,7,7,6,4,-1.0,0.26655,266,-0.96841,0
72,8,9,6,8,2,-1.0,0.72841,729,-0.96843,1
72,8,9,7,7,1,-1.0,0.27159,271,-0.96841,0
73,6,8,4,7,2,-1.0,0.70253,703,-0.96843,1
73,6,8,7,6,3,-1.0,0.29747,297,-0.96842,0
74,4,7,3,9,1,-1.0,0.60772,608,-0.96843,1
74,4,7,5,5,4,-1.0,0.39228,392,-0.96842,0
1,0,0,2,1,5,-1.0,0.82002,820,-0.9684,1
1,0,0,1,2,5,-1.0,0.17998,180,-0.96854,0
2,2,1,4,2,7,-1.0,0.06001,60,-0.96888,0
2,2,1,3,3,7,-1.0,0.41619,416,-0.96842,1
2,2,1,1,3,5,-1.0,0.05453,54,-0.96863,0
2,2,1,0,2,3,-1.0,0.07699,77,-0.96877,0
2,2,1,4,0,3,-1.0,0.39229,393,-0.9685,0
3,3,3,5,4,7,-1.0,0.30192,303,-0.96858,1
3,3,3,4,5,7,-1.0,0.2344,235,-0.96858,0
3,3,3,2,5,7,-1.0,0.15829,158,-0.9685,0
3,3,3,1,4,5,-1.0,0.04336,43,-0.96882,0
3,3,3,1,2,4,-1.0,0.06777,68,-0.96892,0
3,3,3,4,1,5,-1.0,0.07373,73,-0.96848,0
3,3,3,5,2,7,-1.0,0.12053,120,-0.96848,0
4,5,4,7,5,7,-1.0,0.06948,69,-0.9686,0
4,5,4,6,6,7,-1.0,0.25435,255,-0.96857,1
4,5,4,4,6,7,-1.0,0.14211,142,-0.96856,0
4,5,4,3,5,7,-1.0,0.12886,129,-0.96864,0
4,5,4,4,2,6,-1.0,0.12596,126,-0.96862,0
4,5,4,6,2,7,-1.0,0.06821,68,-0.96872,0
4,5,4,7,3,7,-1.0,0.21103,211,-0.96851,0
5,6,6,8,7,5,-1.0,0.09424,94,-0.96861,0
5,6,6,7,8,5,-1.0,0.08132,81,-0.96862,0
5,6,6,5,8,5,-1.0,0.04103,41,-0.96909,0
5,6,6,4,7,7,-1.0,0.11066,110,-0.96846,0
5,6,6,4,5,6,-1.0,0.29468,295,-0.9685,1
5,6,6,7,4,7,-1.0,0.09188,92,-0.96874,0
5,6,6,8,5,5,-1.0,0.28619,287,-0.96856,0
6,4,5,5,7,7,-1.0,0.25822,259,-0.96858,0
6,4,5,3,7,7,-1.0,0.10161,101,-0.96848,0
6,4,5,2,6,7,-1.0,0.06359,63,-0.96856,0
6,4,5,2,4,7,-1.0,0.09809,98,-0.96865,0
6,4,5,5,3,7,-1.0,0.17988,180,-0.96856,0
6,4,5,6,4,7,-1.0,0.29861,299,-0.96851,1
7,6,4,8,5,4,-1.0,0.15098,151,-0.96857,0
7,6,4,7,6,7,-1.0,0.0827,82,-0.96848,0
7,6,4,5,6,7,-1.0,0.18749,188,-0.96861,1
7,6,4,4,3,7,-1.0,0.18055,181,-0.96861,0
7,6,4,5,2,6,-1.0,0.13857,138,-0.96846,0
7,6,4,7,2,7,-1.0,0.10116,101,-0.96862,0
7,6,4,8,3,5,-1.0,0.15854,159,-0.96865,0
8,5,6,7,7,7,-1.0,0.05146,51,-0.96869,0
8,5,6,6,8,5,-1.0,0.065,65,-0.96884,0
8,5,6,4,8,5,-1.0,0.06132,61,-0.96871,0
8,5,6,3,7,6,-1.0,0.10226,102,-0.96859,0
8,5,6,3,5,6,-1.0,0.27212,273,-0.96858,0
8,5,6,4,4,7,-1.0,0.27363,274,-0.96852,1
8,5,6,7,5,6,-1.0,0.17421,174,-0.9685,0
9,4,4,6,5,7,-1.0,0.12643,126,-0.9685,0
9,4,4,3,6,7,-1.0,0.17084,171,-0.96857,0
9,4,4,2,5,6,-1.0,0.04622,46,-0.96889,0
9,4,4,2,3,7,-1.0,0.14571,146,-0.96864,0
9,4,4,3,2,7,-1.0,0.13281,133,-0.96864,0
9,4,4,5,2,5,-1.0,0.11696,117,-0.96864,0
9,4,4,6,3,7,-1.0,0.26102,261,-0.96848,1
10,6,3,8,4,5,-1.0,0.1258,126,-0.96866,0
10,6,3,7,5,5,-1.0,0.18619,186,-0.9685,1
10,6,3,5,5,7,-1.0,0.10722,107,-0.96859,0
10,6,3,4,2,5,-1.0,0.18045,181,-0.96863,0
10,6,3,5,1,5,-1.0,0.17225,172,-0.9685,0
10,6,3,7,1,5,-1.0,0.07852,78,-0.96855,0
10,6,3,8,2,5,-1.0,0.14957,150,-0.96866,0
11,7,5,9,6,3,-1.0,0.30997,310,-0.96847,0
11,7,5,8,7,4,-1.0,0.02607,26,-0.96945,0
11,7,5,6,7,7,-1.0,0.07336,73,-0.96863,0
11,7,5,8,3,4,-1.0,0.11451,114,-0.9685,0
11,7,5,9,4,3,-1.0,0.47609,477,-0.96849,1
12,9,4,8,6,5,-1.0,0.40298,403,-0.96844,1
12,9,4,7,3,6,-1.0,0.34901,349,-0.96845,0
12,9,4,8,2,4,-1.0,0.24801,248,-0.96849,0
13,8,6,9,8,2,-1.0,0.80133,803,-0.96847,1
13,8,6,7,8,4,-1.0,0.00395,3,-0.96876,0
13,8,6,6,7,6,-1.0,0.01511,15,-0.97012,0
13,8,6,6,5,6,-1.0,0.07252,72,-0.96857,0
13,8,6,7,4,6,-1.0,0.10709,107,-0.96863,0
14,9,8,7,9,3,-1.0,0.92446,925,-0.96841,1
14,9,8,7,7,6,-1.0,0.07554,75,-0.96855,0
15,7,9,5,8,4,-1.0,0.71876,719,-0.96842,1
15,7,9,6,7,5,-1.0,0.2489,249,-0.9685,0
15,7,9,8,7,3,-1.0,0.03234,32,-0.96899,0
16,5,8,3,9,3,-1.0,0.42045,421,-0.96848,1
16,5,8,3,7,5,-1.0,0.3331,333,-0.96845,0
16,5,8,4,6,6,-1.0,0.19404,194,-0.96852,0
16,5,8,7,7,5,-1.0,0.05241,52,-0.96871,0
17,3,9,1,8,3,-1.0,0.81806,819,-0.96844,1
17,3,9,2,7,7,-1.0,0.07809,78,-0.96872,0
17,3,9,4,7,6,-1.0,0.10385,103,-0.96841,0
18,1,8,0,6,3,-1.0,0.53258,533,-0.96845,1
18,1,8,2,6,6,-1.0,0.1667,166,-0.96842,0
18,1,8,3,7,4,-1.0,0.30071,301,-0.9685,0
19,0,6,2,7,6,-1.0,0.09651,96,-0.96852,0
19,0,6,1,4,4,-1.0,0.38744,388,-0.96849,0
19,0,6,2,5,5,-1.0,0.51604,516,-0.96842,1
20,2,5,4,6,5,-1.0,0.3571,358,-0.96853,1
20,2,5,3,7,3,-1.0,0.10358,103,-0.96849,0
20,2,5,1,7,5,-1.0,0.08102,81,-0.96874,0
20,2,5,0,4,3,-1.0,0.29612,296,-0.96846,0
20,2,5,1,3,4,-1.0,0.16217,162,-0.96852,0
21,4,6,6,7,4,-1.0,0.18073,181,-0.96858,0
21,4,6,3,8,5,-1.0,0.08212,82,-0.9687,0
21,4,6,2,7,5,-1.0,0.10709,107,-0.96863,0
21,4,6,3,4,7,-1.0,0.30592,306,-0.96847,0
21,4,6,6,5,5,-1.0,0.32414,324,-0.96845,1
22,6,5,7,7,4,-1.0,0.03965,39,-0.96864,0
22,6,5,5,7,6,-1.0,0.1022,102,-0.96861,0
22,6,5,5,3,6,-1.0,0.25826,259,-0.96857,0
22,6,5,7,3,5,-1.0,0.3088,309,-0.96848,1
22,6,5,8,4,4,-1.0,0.29109,291,-0.96846,0
23,7,3,8,5,3,-1.0,0.11644,116,-0.96851,0
23,7,3,5,2,4,-1.0,0.60124,602,-0.96845,1
23,7,3,6,1,5,-1.0,0.08328,83,-0.96863,0
23,7,3,8,1,3,-1.0,0.04937,49,-0.96876,0
23,7,3,9,2,3,-1.0,0.14968,150,-0.96864,0
24,5,2,3,1,5,-1.0,0.21248,212,-0.96844,0
24,5,2,4,0,2,-1.0,0.64086,642,-0.96847,1
24,5,2,6,0,3,-1.0,0.09036,90,-0.96858,0
24,5,2,7,1,4,-1.0,0.0563,56,-0.96875,0
25,4,0,6,1,4,-1.0,0.59908,599,-0.96841,1
25,4,0,3,2,6,-1.0,0.40092,401,-0.96845,0
26,6,1,8,2,3,-1.0,0.07172,71,-0.96848,0
26,6,1,5,3,5,-1.0,0.14898,149,-0.96858,0
26,6,1,4,2,4,-1.0,0.20797,208,-0.96852,0
26,6,1,8,0,2,-1.0,0.57133,572,-0.96845,1
27,8,0,9,2,2,-1.0,0.80754,808,-0.96842,1
27,8,0,7,2,6,-1.0,0.19246,192,-0.96845,0
28,9,2,8,4,3,-1.0,0.55478,555,-0.96843,1
28,9,2,7,1,3,-1.0,0.44522,445,-0.96842,0
29,8,4,9,6,2,-1.0,0.6988,699,-0.96842,1
29,8,4,7,6,6,-1.0,0.14281,143,-0.96862,0
29,8,4,7,2,5,-1.0,0.15839,158,-0.96848,0
30,9,6,8,8,3,-1.0,0.59767,598,-0.96843,1
30,9,6,7,7,3,-1.0,0.40233,402,-0.96841,0
31,8,8,6,9,3,-1.0,0.33197,332,-0.96846,0
31,8,8,6,7,3,-1.0,0.43344,434,-0.96847,1
31,8,8,7,6,5,-1.0,0.23459,234,-0.96842,0
32,6,7,5,9,3,-1.0,0.24746,247,-0.96843,0
32,6,7,4,8,4,-1.0,0.11351,113,-0.9685,0
32,6,7,5,5,6,-1.0,0.63903,640,-0.96846,1
33,5,5,7,6,4,-1.0,0.0336,33,-0.96873,0
33,5,5,4,7,5,-1.0,0.05011,50,-0.96891,0
33,5,5,3,6,6,-1.0,0.17865,179,-0.9686,0
33,5,5,3,4,6,-1.0,0.35217,352,-0.96844,1
33,5,5,4,3,6,-1.0,0.3236,324,-0.9685,0
33,5,5,7,4,5,-1.0,0.06187,62,-0.96893,0
34,3,4,2,6,5,-1.0,0.13023,130,-0.96855,0
34,3,4,1,5,5,-1.0,0.17432,174,-0.96848,0
34,3,4,1,3,3,-1.0,0.16513,165,-0.96853,0
34,3,4,2,2,7,-1.0,0.15963,160,-0.96863,0
34,3,4,4,2,3,-1.0,0.09442,94,-0.96856,0
34,3,4,5,3,4,-1.0,0.27627,277,-0.96856,1
35,5,3,7,4,4,-1.0,0.15903,159,-0.96855,0
35,5,3,3,2,5,-1.0,0.36292,363,-0.96845,0
35,5,3,4,1,4,-1.0,0.36431,365,-0.96851,1
35,5,3,7,2,4,-1.0,0.11374,113,-0.96843,0
36,4,1,6,2,6,-1.0,0.04186,41,-0.96846,0
36,4,1,2,2,6,-1.0,0.06795,68,-0.96884,0
36,4,1,2,0,3,-1.0,0.21232,212,-0.96846,0
36,4,1,6,0,2,-1.0,0.67786,679,-0.96846,1
37,6,0,8,1,2,-1.0,0.79431,795,-0.96843,1
37,6,0,7,2,3,-1.0,0.20569,205,-0.96841,0
38,8,1,9,3,3,-1.0,0.41104,411,-0.96843,0
38,8,1,6,2,5,-1.0,0.58896,589,-0.96842,1
39,6,2,8,3,3,-1.0,0.05492,55,-0.96897,0
39,6,2,7,4,3,-1.0,0.13618,136,-0.96855,0
39,6,2,4,3,5,-1.0,0.49807,499,-0.96848,1
39,6,2,5,0,3,-1.0,0.20418,204,-0.96849,0
39,6,2,7,0,3,-1.0,0.10666,106,-0.96846,0
40,4,3,3,5,5,-1.0,0.26525,265,-0.96845,1
40,4,3,2,4,6,-1.0,0.16145,161,-0.96847,0
40,4,3,2,2,5,-1.0,0.24856,249,-0.96854,0
40,4,3,3,1,4,-1.0,0.2176,218,-0.96856,0
40,4,3,5,1,4,-1.0,0.10714,107,-0.96861,0
41,3,5,4,7,4,-1.0,0.17765,178,-0.9686,0
41,3,5,2,7,4,-1.0,0.11346,113,-0.96851,0
41,3,5,1,6,5,-1.0,0.19296,193,-0.96853,0
41,3,5,1,4,3,-1.0,0.34772,348,-0.96848,1
41,3,5,2,3,6,-1.0,0.16821,168,-0.96851,0
42,1,4,2,6,4,-1.0,0.20331,203,-0.96847,0
42,1,4,0,2,2,-1.0,0.71747,718,-0.96843,1
42,1,4,2,2,4,-1.0,0.07921,79,-0.96867,0
43,0,2,2,3,5,-1.0,0.22142,221,-0.96844,0
43,0,2,1,0,2,-1.0,0.77858,779,-0.96842,1
44,1,0,3,1,3,-1.0,0.84342,844,-0.96842,1
44,1,0,2,2,3,-1.0,0.15658,156,-0.96845,0
45,3,1,2,3,4,-1.0,0.36902,369,-0.96844,0
45,3,1,1,2,3,-1.0,0.13935,139,-0.96851,0
45,3,1,5,0,2,-1.0,0.49163,492,-0.96845,1
46,5,0,7,1,2,-1.0,0.35438,354,-0.96842,0
46,5,0,4,2,2,-1.0,0.64562,646,-0.96843,1
47,4,2,2,3,3,-1.0,0.08882,88,-0.96842,0
47,4,2,3,0,3,-1.0,0.91118,912,-0.96842,1
48,3,0,5,1,3,-1.0,0.24543,245,-0.96844,0
48,3,0,2,2,2,-1.0,0.32254,323,-0.9685,0
48,3,0,1,1,3,-1.0,0.43204,432,-0.96843,1
49,1,1,3,2,4,-1.0,0.09215,92,-0.96865,0
49,1,1,2,3,2,-1.0,0.1711,171,-0.96853,0
49,1,1,0,3,3,-1.0,0.73676,737,-0.96841,1
50,0,3,2,4,5,-1.0,0.26601,266,-0.96848,0
50,0,3,1,5,4,-1.0,0.36739,367,-0.96841,1
50,0,3,2,2,1,-1.0,0.3666,367,-0.96848,0
51,1,5,3,6,5,-1.0,0.2585,258,-0.96842,0
51,1,5,2,7,3,-1.0,0.13599,136,-0.96859,0
51,1,5,0,7,3,-1.0,0.41833,419,-0.96849,1
51,1,5,2,3,1,-1.0,0.18718,187,-0.9685,0
52,0,7,2,8,5,-1.0,0.02991,29,-0.96845,0
52,0,7,1,9,2,-1.0,0.80866,810,-0.96845,1
52,0,7,2,6,3,-1.0,0.16143,161,-0.96847,0
53,1,9,2,7,2,-1.0,0.23162,231,-0.96841,0
53,1,9,3,8,4,-1.0,0.76838,769,-0.96843,1
54,3,8,5,9,2,-1.0,0.53955,540,-0.96845,1
54,3,8,1,7,4,-1.0,0.07454,74,-0.96855,0
54,3,8,2,6,2,-1.0,0.15019,150,-0.96853,0
54,3,8,5,7,5,-1.0,0.23571,236,-0.96853,0
55,5,9,4,7,3,-1.0,0.60666,607,-0.96843,1
55,5,9,7,8,3,-1.0,0.39334,393,-0.96841,0
56,4,7,6,8,4,-1.0,0.02344,23,-0.9691,0
56,4,7,2,8,4,-1.0,0.11089,111,-0.96868,0
56,4,7,2,6,1,-1.0,0.86567,866,-0.96841,1
57,2,6,0,5,3,-1.0,1.0,1000,-0.96839,1
58,0,5,1,7,3,-1.0,0.23262,233,-0.96855,0
58,0,5,1,3,2,-1.0,0.425,425,-0.96844,1
58,0,5,2,4,4,-1.0,0.34238,342,-0.96842,0
59,1,3,0,1,2,-1.0,0.59237,592,-0.9684,1
59,1,3,3,2,3,-1.0,0.40763,408,-0.96847,0
60,0,1,2,2,0,-1.0,0.38854,388,-0.9684,0
60,0,1,2,0,2,-1.0,0.61146,612,-0.96844,1
61,2,0,3,2,2,-1.0,0.53456,535,-0.96845,1
61,2,0,1,2,2,-1.0,0.46544,465,-0.9684,0
62,3,2,2,4,3,-1.0,0.37107,371,-0.96844,0
62,3,2,5,1,2,-1.0,0.62893,629,-0.96842,1
63,5,1,7,2,2,-1.0,0.18807,188,-0.96852,0
63,5,1,7,0,2,-1.0,0.81193,812,-0.9684,1
64,7,0,9,1,2,-1.0,0.70869,709,-0.96842,1
64,7,0,8,2,2,-1.0,0.29131,291,-0.96844,0
65,9,1,8,3,2,-1.0,0.68524,685,-0.9684,1
65,9,1,7,2,1,-1.0,0.31476,315,-0.96849,0
66,8,3,9,5,3,-1.0,0.81419,815,-0.96843,1
66,8,3,7,1,1,-1.0,0.18581,185,-0.96839,0
67,9,5,8,7,2,-1.0,0.37381,374,-0.96846,1
67,9,5,7,6,3,-1.0,0.29599,296,-0.96847,0
67,9,5,7,4,2,-1.0,0.3302,330,-0.96844,0
68,8,7,9,9,1,-1.0,0.94654,947,-0.96841,1
68,8,7,6,8,3,-1.0,0.05346,53,-0.96868,0
69,9,9,7,8,2,-1.0,1.0,1000,-0.96839,1
70,7,8,5,7,4,-1.0,0.16273,162,-0.96841,0
70,7,8,9,7,3,-1.0,0.83727,838,-0.96843,1
71,9,7,8,9,2,-1.0,0.65762,658,-0.96843,1
71,9,7,7,6,2,-1.0,0.27649,276,-0.96842,0
71,9,7,8,5,2,-1.0,0.06589,66,-0.96889,0
72,8,9,6,8,2,-1.0,0.89616,897,-0.96843,1
72,8,9,7,7,2,-1.0,0.10384,103,-0.96841,0
73,6,8,4,9,3,-1.0,0.7799,780,-0.96841,1
73,6,8,7,6,1,-1.0,0.2201,220,-0.96849,0
74,4,9,2,8,3,-1.0,0.3602,360,-0.96843,1
74,4,9,3,7,2,-1.0,0.3205,321,-0.96851,0
74,4,9,5,7,3,-1.0,0.3193,319,-0.96843,0
75,2,8,0,9,1,-1.0,0.75901,760,-0.96844,1
75,2,8,1,6,4,-1.0,0.11485,114,-0.9684,0
75,2,8,3,6,4,-1.0,0.12614,126,-0.96858,0
76,0,9,1,7,2,-1.0,1.0,1000,-0.96839,1
77,1,7,2,9,3,-1.0,0.50282,503,-0.96844,1
77,1,7,3,6,3,-1.0,0.49718,497,-0.96841,0
78,2,9,0,8,2,-1.0,0.44707,447,-0.96843,1
78,2,9,3,7,1,-1.0,0.18218,182,-0.9685,0
78,2,9,4,8,3,-1.0,0.37074,371,-0.96847,0
79,0,8,1,6,3,-1.0,0.59129,591,-0.9684,1
79,0,8,2,7,1,-1.0,0.40871,409,-0.96846,0
80,1,6,3,7,0,-1.0,0.5896,590,-0.96844,1
80,1,6,0,4,2,-1.0,0.24464,245,-0.96854,0
80,1,6,2,4,2,-1.0,0.16576,165,-0.96841,0
